id,SalePrice
26,7952719.247
30,6059128.536
35,4681478.44
39,6189569.498
48,5213156.345
72,7319654.214
98,5556778.127
102,6284769.286
105,6180749.191
110,9670336.776
121,9050716.164
123,5220068.82
125,9654982.004
127,7674782.783
131,5896671.604
146,7227456.113
148,16952778.35
151,6062955.525
173,6057607.693
175,6929247.742
190,5628353.868
207,9607405.691
220,7334071.732
222,5792529.951
223,8543000.646
225,5679755.628
228,5113538.164
233,8041606.19
239,6009251.981
240,6208846.028
247,5869410.474
253,7438223.009
257,7815459.649
258,5454806.571
270,6182196.623
273,6858015.645
277,5883843.463
285,6060345.844
297,6291679.267
300,6384167.127
317,8052118.716
337,6628310.732
338,7255250.313
343,6872882.682
348,5985233.613
350,6616432.571
359,7463927.44
360,6016141.4
364,4415655.589
365,9959096.181
366,10416879.39
370,5744982.722
380,6403607.152
387,6750111.846
401,6531731.961
402,5858596.024
403,6107883.143
411,4293707.496
416,5780474.084
418,6163712.57
425,9674169.087
444,5808251.184
450,6550787.837
452,6624710.364
455,20144238.47
467,10764687.13
468,4431168.343
479,6294567.347
481,9540137.215
486,6177114.216
496,8152669.41
500,6773281.934
502,6191054.029
505,6304487.374
509,6617903.002
512,5065478.65
519,6163935.038
530,6104829.999
531,6052922.267
549,6859745.104
558,7569662.117
564,7070922.817
569,5352391.029
576,5636572.91
586,4632551.847
590,5217531.46
592,5582910.312
596,6039435.16
605,7233210.037
606,9903505.275
608,7395425.859
619,6627503.757
621,5560021.223
622,7591775.06
624,7279918.136
627,11916313.85
634,6809345.335
642,9666521.541
643,7767645.081
646,7614235.735
648,6611482.01
653,6458635.705
658,7921155.313
660,5319864.477
666,10316250.44
671,7710895.052
675,7011527.565
677,6671450.053
689,6233914.05
692,6211614.86
699,9893926.84
707,5660396.197
711,8898020.113
718,7948528.258
719,9625256.589
727,10571269.44
743,4961076.038
749,5948796.416
751,5830408.704
755,8628284.914
764,6401546.565
776,7496761.095
783,5849304.034
806,6678840.254
809,9504717.438
815,7450149.319
823,5534399.317
825,8236098.829
831,12687245.48
836,5692186.088
841,11187877.96
843,7356395.168
850,6713171.97
852,5078119.721
861,9475685.754
879,5247407.381
887,6743075.297
906,6924332.541
912,5951932.417
916,6848191.323
919,8342910.598
920,7479342.793
923,7199883.494
925,5993358.434
927,9941323.48
944,6594603.322
952,10184176.87
954,6672570.759
959,6001419.738
964,7554730.211
967,5344922.553
976,6637891.623
982,4918143.722
1002,6364022.028
1019,6717327.332
1022,5774877.427
1023,7079080.083
1028,4841437.735
1034,4285406.469
1036,5481825.548
1039,9889805.551
1041,6090316.461
1042,10805171.64
1048,8693999.385
1052,7763143.107
1064,5565055.361
1067,6534153.566
1071,6249730.2
1075,5555043.966
1076,13673505.91
1077,6269852.544
1079,7828041.349
1082,6135442.325
1088,4451735.973
1090,7164037.512
1092,8492259.873
1094,6277940.955
1097,7119309.761
1129,5704849.619
1134,9092123.73
1136,5525720.325
1147,8522957.736
1155,7161322.269
1158,11526072.73
1175,22686354.69
1183,10398148.03
1190,8891044.186
1195,8964513.824
1197,9511932.281
1198,7411339.058
1202,8101907.697
1208,11418480.22
1218,6172675.361
1231,6001161.831
1232,7900216.361
1233,6759953.233
1234,6868832.614
1241,8080595.8
1243,7483996.714
1250,6425843.903
1259,4817453.178
1277,5093255.649
1280,5702996.371
1282,7567177.905
1285,9249026.744
1288,6228020.497
1289,4097693.333
1294,10742860.19
1297,7967684.104
1299,7011860.141
1302,5952080.639
1306,4415655.589
1307,7961904.79
1313,6269648.522
1316,6592032.705
1318,6043243.837
1324,6805901.562
1325,10259857.29
1327,5731691.457
1332,6640162.371
1356,4189148.801
1362,8069603.898
1381,7217133.745
1382,8993028.614
1394,6994464.723
1396,4033572.66
1401,5450652.312
1413,6704803.775
1415,6288650.856
1427,5457635.504
1428,8609690.403
1439,6172657.322
1453,6152551.443
1460,6789460.873
1464,7565612.397
1469,6285301.376
1478,7621076.004
1482,6707257.774
1486,8917526.668
1488,6562716.096
1495,30054904.42
1499,7092277.645
1506,5658943.966
1510,6869208.112
1512,10386453.23
1527,17690879.79
1546,7376011.085
1547,7340118.576
1550,7420652.114
1551,5782717.901
1553,6833315.974
1554,5717738.658
1560,7623635.2
1565,6443618.625
1583,6643035.729
1586,10622624.24
1589,6665560.959
1592,7266280.243
1602,10322796.85
1605,6705395.112
1606,7020011.234
1607,7271956.524
1613,115061048.9
1619,5213463.367
1627,4936046.376
1628,5132885.874
1634,10288252.94
1637,6442580.137
1649,4877461.232
1652,9284159.466
1653,7566844.68
1656,6949003.976
1659,4428234.289
1665,7756668.474
1681,11656298.21
1685,7739860.961
1688,7819780.068
1690,6349789.058
1694,7339630.781
1704,6796569.51
1705,7769338.029
1706,6645235.602
1729,6978940.871
1735,8459223.448
1736,8281612.775
1738,5450146.189
1755,6465257.307
1756,5457118.604
1757,5438102.555
1758,9850965.714
1760,6734323.902
1767,8182415.725
1770,8354516.412
1778,5292380.388
1796,6193616.885
1797,5122565.013
1805,6956225.681
1806,6783318.336
1821,6511168.188
1825,5307170.012
1836,6715938.421
1839,6692768.348
1841,5324736.957
1848,9383261.427
1853,12888062.11
1859,6825644.097
1874,7405100.344
1875,5826753.878
1892,7195020.864
1913,8326796.317
1914,5670166.653
1916,10530850.33
1920,7212975.856
1921,7952639.177
1929,4909027.716
1934,11532334.11
1943,5479237.557
1944,5153778.796
1947,6690926.628
1960,8221025.949
1972,6737079.755
1977,6669004.114
1988,24700040.05
1992,8343156.374
1997,8790822.066
2007,7659495.144
2013,5803268.278
2019,6646275.057
2027,7360261.44
2034,5730588.524
2045,4193921.827
2050,8665460.367
2054,7645842.547
2055,5856898.125
2062,6915285.079
2067,5882672.515
2071,6177465.838
2073,5796075.651
2078,4481400.564
2079,5503603.071
2083,5744128.208
2090,7848217.446
2092,6408295.406
2093,7402018.264
2096,7113858.619
2097,9320956.069
2103,5802835.601
2104,5282775.5
2123,5500330.532
2124,10176118.96
2129,7491894.532
2140,6113765.848
2141,4664338.498
2142,7531913.361
2157,5798580.392
2168,4419502.931
2174,10234546.08
2177,6325662.513
2179,6136197.344
2183,6735088.324
2198,7771134.903
2206,7239868.369
2211,6552261.896
2213,5424995.289
2234,7293414.842
2236,8482064.529
2237,6707863.303
2241,6184696.858
2244,6602959.452
2251,5358339.072
2255,5929998.628
2259,7133909.54
2261,8061336.628
2265,8412361.758
2268,16625741.18
2285,6069402.892
2286,6422058.249
2291,5944557.757
2292,6245194.268
2293,6403301.772
2308,14592850.27
2315,7058233.414
2320,6547746.056
2323,5983422.883
2326,6654139.723
2328,7698835.378
2329,5747716.119
2337,6268065.089
2342,6698082.336
2346,7036318.011
2351,8103584.804
2352,7089562.753
2353,5352973.453
2356,18784141.47
2362,5487163.117
2367,6309010.363
2386,6116365.017
2401,6514872.813
2403,8214947.308
2404,6550973.974
2405,6307370.281
2406,6866544.054
2407,5395838.235
2411,7462665.4
2424,6948369.48
2430,6394580.811
2433,6321603.042
2436,6517055.31
2446,6359439.331
2448,8455888.711
2455,3985239.054
2460,8841934.545
2470,6644808.216
2473,8560616.303
2477,5681441.252
2487,7412939.865
2500,7433317.249
2506,7442758.112
2514,11887429.88
2523,14115510.1
2528,5509978.548
2532,6007646.767
2535,6114846.969
2540,7078063.881
2551,6182532.597
2561,6115059.187
2587,16405912.67
2596,6649114.458
2600,6418751.136
2608,8678597.222
2609,7298989.684
2620,9910095.936
2621,6148278.3
2623,4871066.365
2632,5916334.609
2636,7931744.736
2637,6335635.98
2653,6052191.879
2656,5822624.512
2666,7112052.064
2668,6440375.642
2674,5780793.868
2675,6235239.198
2678,5283353.046
2680,4245679.487
2681,7536516.181
2683,7485533.824
2684,4699314.599
2687,8492369.675
2691,9323477.356
2701,9384508.384
2704,4466052.459
2717,6420036.482
2724,6541048.92
2727,5849572.255
2738,4599538.566
2746,9351069.925
2754,5945771.2
2760,8380212.046
2781,4489187.932
2793,13014354.72
2794,5565758.056
2798,7207987.869
2802,8238130.458
2825,6509760.42
2828,7565655.115
2830,5120761.485
2834,4811052.263
2835,6193375.411
2837,7246419.481
2840,9507049.066
2847,5176863.911
2855,8277032.048
2856,7776343.239
2859,4225477.988
2882,6877292.772
2883,6626486.397
2891,5303719.467
2895,5821869.669
2896,5922940.912
2900,4442387.899
2904,6356889.679
2910,5115060.439
2913,5358745.123
2914,5534177.541
2939,6675194.982
2942,7946889.373
2943,6722481.951
2947,6746173.735
2974,6242181.85
2977,4820287.542
2982,4712634.344
2995,7470612.134
2998,6903048.11
3005,6633292.708
3019,8036180.197
3024,7690202.186
3028,5228358.483
3030,7644270.836
3031,6565791.725
3032,7955910.515
3042,6343079.846
3056,4923911.798
3073,6067924.701
3078,10998584.13
3082,5516644.741
3084,6284355.273
3087,6381085.968
3094,6575960.877
3096,8963309.372
3099,7554795.674
3112,6189849.89
3113,5408002.812
3114,7014606.254
3130,7189623.906
3137,4703566.814
3141,18993723.5
3147,4228994.618
3157,8975967.679
3158,6514500.093
3159,4222171.325
3161,6059983.768
3170,5111931.117
3175,6026032.811
3179,7175591.687
3186,7016832.71
3200,7012910.616
3202,7759960.103
3205,6378620.352
3220,10237466.71
3224,5911527.937
3226,6512987.536
3235,5713279.895
3241,6087495.503
3260,4915612.478
3265,7137547.782
3266,5794074.338
3271,6563346.497
3278,4479181.099
3282,6279535.718
3285,4881932.411
3291,9924944.728
3301,5834628.99
3305,7480292.216
3306,4912533.218
3308,4545907.737
3309,4960217.387
3312,5110647.747
3318,7779867.057
3320,6002826.283
3326,5534794.973
3330,4255429.545
3331,7091091.958
3334,5590853.368
3353,4915612.478
3364,5476717.3
3371,10543434.89
3380,5817395.492
3382,8496552.36
3384,4410800.509
3385,6631083.555
3386,7121281.067
3389,7406217.387
3395,7470317.429
3400,5944017.603
3403,5197544.812
3406,8554819.355
3407,4410800.509
3408,5083528.347
3410,8679205.572
3422,4912533.218
3429,5352681.759
3434,8371221.831
3435,5305406.986
3440,5017500.337
3444,5167326.188
3446,5990282.957
3450,5003340.151
3453,8325425.403
3469,6838767.27
3471,5170579.023
3473,7364396.454
3478,4378309.098
3488,5954042.546
3492,5877017.936
3496,5001489.62
3498,4222171.325
3500,10994123.49
3507,10337238.83
3516,5386760.871
3518,4492974.721
3536,8668982.33
3537,8543100.717
3541,9317208.623
3545,4153280.654
3547,4981938.544
3562,4748240.685
3563,5061626.897
3567,5593575.451
3568,3359364.819
3573,4406626.057
3575,10375692.44
3580,6720241.075
3588,7269179.551
3593,5526235.986
3595,6013087.565
3603,8003827.218
3621,11169222.38
3629,5060249.876
3630,6271394.733
3631,5400256.985
3634,5665579.041
3635,5555883.693
3636,8805765.661
3641,6968639.052
3657,6249080.816
3661,5557632.112
3669,4556782.017
3691,5745503.784
3692,4197842.448
3699,7769940.188
3706,6629212.685
3709,5826438.696
3712,8860353.032
3719,8387680.352
3727,5476054.983
3731,6792668.958
3740,7231076.537
3750,6498632.359
3752,5006964.822
3757,4034642.809
3759,4659037.779
3762,5176719.354
3763,14545853.31
3768,6317471.426
3771,4735530.356
3773,6274338.147
3774,4879402.455
3785,7344208.139
3793,4637622.365
3795,7054501.589
3804,7191319.443
3814,7424513.085
3816,5792378.459
3819,8090318.585
3822,4679941.285
3827,9135224.145
3831,8726086.919
3848,6215297.475
3854,6182998.239
3894,5085808.615
3899,9857548.853
3900,7231076.537
3901,6092241.738
3911,4154867.072
3920,5483014.337
3930,2655620.182
3935,6605532.117
3939,4166919.756
3944,6361481.908
3951,9581530.909
3961,6962222.552
3966,6050785.331
3969,9356864.867
3971,9439911.007
3977,4791353.857
3979,6031031.995
3980,6019089.568
3982,7464127.726
3988,5008910.301
3992,5279625.341
3996,4972013.016
3997,5589506.212
4001,5187899.415
4004,6069373.568
4006,7753303.204
4008,9214097.145
4009,7202363.603
4015,5025894.65
4027,6937539.333
4028,7171863.953
4034,6003150.701
4035,5485409.597
4037,6320853.912
4046,4468009.756
4062,6031288.494
4074,5040469.915
4084,5695311.776
4096,4857409.204
4101,3619344.552
4112,6669705.154
4118,7807435.626
4122,4947973.293
4138,7635393.05
4159,6734463.844
4161,9449728.323
4165,5287047.169
4184,6194997.234
4189,5911013.576
4203,4244576.721
4209,6298938.22
4214,4588717.038
4221,6127249.255
4224,4987330.329
4227,4826910.471
4233,5928879.806
4241,8062564.559
4245,4839220.689
4258,6766394.469
4259,4290362.98
4263,18811332.71
4264,6282705.267
4267,5931388.411
4268,6286152.89
4269,4353768.335
4270,5942252.733
4272,6121757.232
4274,5325557.42
4283,5499573.442
4294,5880311.866
4303,8350150.558
4308,10416479.82
4310,9056770.375
4311,4651727.393
4314,4091315.901
4317,7475419.132
4318,5823137.869
4328,5899613.832
4334,4468016.37
4341,5200119.05
4342,7561983.442
4356,5115794.699
4366,8813439.726
4367,5212553.028
4371,5443133.487
4382,6806695.318
4384,6760157.155
4389,7746069.379
4394,6607617.529
4399,4027166.746
4400,7478037.828
4404,4862642.307
4414,5084431.021
4417,6806007.809
4418,5293320.8
4421,3429330.516
4425,6077963.729
4434,5249406.769
4435,6223365.632
4441,4132785.365
4445,4859060.569
4447,5121626.078
4451,5149313.998
4457,5082503.298
4459,7629294.074
4460,4779541.973
4464,5159257.983
4475,6961682.536
4478,5020861.752
4493,5454626.626
4500,5264566.021
4501,6147497.485
4508,4698551.484
4515,5310347.125
4517,7245510.328
4522,6952265.463
4527,7806607.518
4535,6247979.992
4539,5168479.365
4546,17082323.69
4551,4231901.153
4553,6854001.678
4558,5042135.838
4560,4632662.531
4562,5653358.231
4565,6866139.207
4567,8120620.234
4569,6793011.01
4580,5995905.884
4582,4937956.769
4583,3862710.961
4597,7685275.011
4604,4350950.184
4616,7409561.809
4618,5325557.42
4620,7646016.505
4630,7365602.743
4636,6252428.459
4639,11515928.97
4648,5032771.321
4651,6212402.521
4653,8189153.702
4666,6385162.618
4687,7491946.276
4695,6509788.911
4699,9356914.225
4701,6639476.44
4707,4794016.178
4718,11814983.99
4730,5483526.955
4733,6909235.129
4746,4953107.872
4752,4398892.06
4753,7276189.117
4757,5337535.621
4765,5958903.39
4768,8505664.789
4771,7121745.545
4774,4909577.253
4779,8514678.12
4783,5432169.455
4793,6801458.157
4795,5071717.681
4799,6435292.016
4800,5781335.366
4807,4162851.727
4810,6142507.258
4820,5758725.064
4829,4243311.357
4830,5682624.722
4838,6054359.894
4841,7401965.847
4859,6917603.365
4863,6948103.146
4865,5944922.3
4868,6603549.134
4869,6623962.296
4879,7678847.639
4882,6306461.633
4883,4575827.911
4884,10262898.23
4889,4532181.413
4894,5615850.694
4900,5632129.141
4902,6743885.696
4911,6172719.543
4912,9864683.191
4924,7302925.807
4934,5552045.058
4940,12670470.78
4942,5838798.843
4944,4745284.816
4945,4901229.346
4946,7583669.672
4948,4620161.222
4965,5775340.137
4975,9096822.365
4977,7300989.04
4995,7226614.803
5004,5046977.426
5009,9737095.727
5014,5568736.164
5018,7180269.883
5028,7618100.885
5029,9006749.016
5030,6818248.602
5048,9687725.949
5050,4890408.226
5053,10830609.7
5056,9818549.81
5058,6452667.512
5062,7111455.313
5069,7303689.849
5075,4488056.185
5076,5924825.08
5097,3438949.31
5105,4301556.743
5121,5471917.792
5122,6247916.419
5127,5306265.375
5129,6830975.35
5131,4818671.193
5139,8003173.05
5147,5779327.994
5148,4970081.868
5155,5565215.395
5166,9934998.582
5168,7596346.407
5174,5274886.445
5177,8439434.653
5194,4162851.727
5196,5206458.347
5197,7076052.876
5211,10108490.35
5218,7211166.739
5219,6997610.653
5221,5688039.513
5224,6685365.574
5227,5574490.738
5246,9681366.281
5261,5867266.435
5271,5956878.84
5274,8633676.597
5275,8055350.103
5278,6283197.014
5279,7312208.597
5293,5309822.956
5316,5177482.093
5321,4987330.329
5328,4731631.978
5332,6632061.379
5361,3429330.516
5383,6053271.85
5389,4180380.154
5392,6204595.834
5407,7150974.427
5412,7843317.717
5420,5188309.352
5429,3757875.152
5433,8291888.42
5434,8015486.387
5453,5213556.923
5467,7506629.228
5476,4493684.038
5501,6175456.435
5504,4994128.32
5516,3627435.163
5529,3452717.834
5535,4451695.422
5536,6106563.865
5541,6793601.081
5548,7481776.12
5550,5970469.753
5556,2830235.846
5558,5142994.547
5563,5409898.383
5576,10778989.32
5577,3370541.294
5590,8478507.638
5593,4820017.24
5595,6371058.88
5601,6036122.927
5615,20172470.61
5619,6124866.196
5621,7135345.938
5622,13424822.88
5624,6001141.219
5625,8002130.232
5639,5115137.35
5652,4568220.996
5654,7511967.017
5672,5638922.565
5676,7722125.453
5677,6169977.47
5694,4693144.308
5695,4159560.083
5701,3249592.603
5708,6643756.571
5713,4778885.194
5717,6161307.167
5726,6808745.115
5738,6060527.983
5739,4195638.075
5742,4738182.679
5745,4704598.201
5755,5561553.979
5756,4617461.235
5758,12150900.78
5772,10081211.07
5805,19991864.63
5810,6317416.72
5822,6109561.956
5835,4945378.196
5839,9298928.671
5843,4764343.206
5859,6014829.079
5861,7671810.751
5862,4375554.1
5866,7498131.588
5867,7103601.119
5872,3217126.734
5876,5057193.903
5885,6183692.706
5890,6683156.115
5898,6921155.452
5900,6472156.7
5901,2671877.992
5909,4017895.605
5913,5396179.727
5916,9847493.883
5918,5617770.641
5921,8229791.307
5931,4737590.873
5934,6531296.469
5935,4339776.669
5940,6561125.71
5941,7821744.306
5955,5724112.699
5958,5942868.943
5973,9647383.621
5975,4215116.638
5976,5895128.189
5977,5596127.102
5981,6049792.538
5991,4532647.983
5995,6061856.327
6000,4848592.737
6001,4807261.287
6017,6371935.978
6018,7924813.715
6038,7408023.283
6041,5276836.362
6053,4448105.763
6057,9503915.803
6063,11443221.92
6067,4451291.121
6074,7027795.567
6082,7897746.619
6088,4726694.49
6089,9063215.162
6092,11755963.68
6093,4304027.215
6094,6961053.056
6096,5485422.662
6101,6637881.934
6112,8682437.526
6114,6849056.913
6121,5776051.182
6128,7384176.33
6140,6477358.71
6148,5407534.217
6149,21661454.27
6158,7267894.551
6160,4744647.839
6191,4627367.862
6192,5354505.179
6193,4905732.532
6203,5620524.454
6210,6364465.02
6219,3783148.403
6226,6506189.632
6230,11028856.7
6234,6364548.622
6237,4826910.471
6238,6010107.116
6250,6974093.11
6253,6471952.482
6256,5198467.732
6286,7516961.543
6302,7219567.238
6309,6608218.225
6316,5741806.409
6332,5035265.315
6347,8553139.467
6352,5615591.847
6362,13018184.85
6365,6814102.816
6371,8224201.547
6377,6146435.539
6387,4939580.141
6391,5379761.046
6395,4346057.029
6399,5951890.779
6402,6211925.196
6405,6546600.561
6407,6532775.691
6413,6617380.281
6414,7011966.868
6416,14846105.25
6417,5095436.933
6431,5036508.333
6435,5585712.915
6436,15405725.56
6438,5884840.61
6440,6299839.25
6441,7476965.781
6458,3945481.134
6477,6941002.237
6485,10858980.15
6490,7041994.748
6495,7229155.194
6507,11651677.69
6511,7073068.959
6513,5892503.9
6520,7513886.754
6528,6663060.416
6529,4711111.475
6539,7416081.852
6540,5449992.41
6543,7516411.993
6551,5588042.756
6558,4818671.193
6560,10811140.73
6564,7702211.49
6579,12529677.54
6581,5030928.841
6587,6565060.467
6590,6124527.381
6594,9950690.53
6598,6130794.142
6599,6975047.762
6603,4661707.537
6606,9649039.229
6613,7125661.264
6618,5696463.979
6620,4686247.841
6623,6465931.474
6625,6551376.184
6628,4559445.52
6629,8555585.538
6631,5384805.862
6643,4826910.471
6651,5489780.892
6671,6502013.007
6675,7121497.008
6681,7832978.142
6682,7380375.293
6688,8181285.893
6704,6351027.198
6715,7135647.632
6716,5300525.905
6720,4482807.115
6725,7242269.294
6743,6101380.736
6751,9661413.646
6753,6102369.633
6754,5391420.437
6757,6716496.655
6759,4821774.745
6762,5461102.406
6763,6329504.343
6767,7572744.879
6780,14286462.83
6782,7606428.129
6784,6703208.576
6789,4559787.283
6792,6565856.53
6802,6327918.674
6805,8766938.178
6807,6953578.976
6810,5608089.708
6814,5987854.878
6818,5391420.437
6823,5409845.968
6830,8282460.873
6832,4609579.476
6836,12641892.81
6840,8347501.214
6842,7921215.995
6846,6000187.747
6847,10897300.25
6850,10464875.15
6855,6570488.001
6857,4912533.218
6860,6964229.803
6863,9764375.078
6871,5027792.921
6884,4721024.464
6889,6166036.724
6893,4862730.951
6898,9299903.241
6911,9010468.884
6914,5893632.945
6918,10310091.89
6934,4592838.666
6953,9551678.996
6956,4721024.464
6971,10190082.16
6974,4935171.355
6982,4861137.253
6991,14620653.03
6997,6230906.363
7011,7451971.199
7032,8724144.967
7045,6020494.84
7051,6433597.565
7052,5984672.264
7063,6808320.021
7068,8684250.237
7071,13015484.07
7072,6140119.761
7073,7012092.777
7079,5330489.748
7088,9522383.516
7090,6264628.146
7104,4775883.147
7106,5304764.235
7117,7494346.477
7118,7360677.449
7121,5896785.129
7124,4802001.1
7133,6971708.409
7134,4459877.987
7135,4142928.259
7138,5108493.863
7140,6443605.7
7145,5178909.782
7155,4676407.874
7160,6777805.373
7162,8218059.701
7168,5431196.474
7171,6994871.076
7176,5872391.104
7184,6989022.779
7190,9765359.276
7203,6448982.545
7213,4526317.065
7223,6118697.07
7224,5255586.825
7225,10806327.42
7231,6589683.308
7233,9415249.965
7241,5853388.899
7242,7031166.96
7247,5781882.353
7249,4916451.626
7254,6201380.828
7257,4851340.608
7261,9366376.768
7279,5644331.269
7299,9624809.771
7301,6213659.945
7304,6506189.632
7311,6353015.563
7312,8119132.274
7314,7824693.788
7315,4962033.015
7316,6172683.283
7332,6885466.976
7338,6229086.7
7341,7128460.982
7343,7408560.078
7368,8116486.328
7373,4628566.665
7384,3756010.221
7385,7233032.04
7389,6424277.945
7391,4711754.634
7395,6086258.755
7405,10263097.25
7415,7528793.811
7423,9131922.242
7425,6114257.721
7434,8782763.882
7437,5697013.59
7442,28720549.92
7456,8822475.742
7461,6084471.648
7467,7115610.989
7475,8012153.549
7485,5908372.925
7486,7149999.765
7496,6381736.61
7497,6093459.814
7502,4965436.852
7513,5393843.544
7516,4747940.825
7529,7177457.395
7533,8480616.136
7536,8056256.899
7537,7710749.57
7542,9839628.986
7551,6995159.031
7565,5309012.975
7568,6915457.854
7569,2878724.688
7577,4689595.833
7579,10304066.41
7595,5044338.5
7598,7896277.497
7600,4357268.221
7603,8254273.808
7617,7034270.839
7629,5613390.564
7634,6252066.62
7641,5323729.641
7643,6405217.205
7646,6429940.735
7656,7014318.782
7658,6072770.141
7669,5108218.785
7670,5309012.975
7677,6121033.376
7679,5217807.277
7682,4735747.899
7697,6881748.782
7699,5963000.18
7700,5879110.602
7701,16269619.92
7704,5387092.713
7706,7584937.833
7707,5669424.282
7709,6517224.32
7715,8128497.043
7723,7148295.874
7735,5824945.684
7747,7335033.768
7751,6531023.455
7754,6506542.497
7766,7734376.184
7780,5517565.517
7781,27801306.35
7788,5412034.606
7802,10708209.22
7806,6904388.88
7807,9121904.479
7813,4899128.23
7818,9476173.052
7823,6721042.114
7825,5215623.337
7827,5187341.946
7828,4279668.896
7832,4599260.262
7835,4625751.686
7840,5175934.285
7853,5094948.965
7858,7776979.06
7859,7739786.777
7860,6229200.789
7869,5878290.133
7872,5632343.065
7881,4839003.144
7885,4617461.235
7900,9930714.633
7904,6318526.153
7913,6343833.499
7915,9410550.215
7916,8284878.274
7920,4791353.857
7925,5245050.086
7928,6106377.984
7938,4826910.471
7945,4629114.267
7966,7379426.557
7983,5453416.778
7998,9436830.722
8001,3360877.23
8005,4814118.982
8011,7369704.623
8012,6332802.401
8021,5955120.906
8024,5863647.898
8025,4542552.23
8027,6793595.991
8029,4482702.263
8053,5017276.517
8067,4002845.49
8071,7270625.25
8073,8570711.344
8074,6897518.711
8075,8217811.779
8076,6032020.704
8083,6320440.266
8085,4951743.821
8089,6671475.195
8105,4583243.035
8106,4484731.433
8115,5632338.325
8116,5608751.008
8123,5031189.723
8133,6176978.169
8134,5647708.645
8139,7303369.114
8142,11863447.47
8144,7432303.023
8166,5616473.004
8179,8107898.004
8180,6892063.162
8183,6902869.679
8189,6810061.193
8192,4549684.307
8209,4391870.191
8217,5178266.601
8223,4906349.501
8229,4601811.483
8230,4259588.224
8234,5044121.485
8263,5899962.768
8275,4943630.941
8291,7151956.73
8303,7932265.709
8310,5474546.917
8338,7451992.134
8343,7099512.249
8360,10133277.92
8374,6695372.735
8379,5461836.61
8380,6197345.074
8395,8239233.709
8402,5204203.791
8403,6726314.162
8405,5157280.104
8411,6774668.776
8421,6528469.061
8422,4625156.991
8432,8610090.503
8443,6373631.253
8447,4297295.762
8459,4902687.867
8462,14590835.93
8469,6351836.401
8473,8096220.732
8476,7074339.959
8480,7058014.303
8499,7059268.753
8504,6793580.045
8513,6597604.846
8514,6780974.552
8515,6699852.016
8517,7686426.79
8521,6465782.631
8531,6040216.083
8535,6830042.369
8538,7336328.57
8543,5690708.614
8549,8095263.465
8555,5038704.792
8566,6812541.953
8574,6982674.743
8575,6816064.037
8589,10045366.91
8591,6588207.197
8597,6039651.423
8599,7113792.215
8612,4958126.5
8623,6852896.958
8624,6645824.706
8628,8602387.216
8639,10308135.4
8640,6468797.765
8651,5868015.412
8654,4852520.414
8680,6704546.931
8683,7543655.583
8690,7676241.599
8694,5105184.172
8696,8083178.636
8699,7633358.526
8700,7288474.286
8709,4153591.811
8713,3279159.131
8714,5553495.614
8721,6848903.331
8729,7119922.978
8735,5078497.983
8749,11104976.35
8751,5604548.212
8767,4613271.774
8768,8169389.916
8774,7231305.962
8783,10812890.32
8791,4590412.799
8793,5593793.382
8800,6720925.532
8812,5971088.564
8813,6220937.878
8815,5921266.672
8816,6837810.869
8825,11183453.39
8834,7667592.656
8836,8965242.677
8839,9207373.4
8840,6952876.02
8856,6405106.328
8862,5073549.297
8874,6972845.132
8883,5662792.139
8895,4626184.648
8908,7820938.562
8913,8075651.061
8929,7251739.775
8931,6698945.455
8942,5447846.552
8956,6131860.839
8957,21631473.92
8964,3834747.267
8968,4585630.871
8988,4593611.341
9013,8145045.598
9026,5388923.717
9040,6492407.714
9045,5015327.605
9046,6858848.705
9052,6269340.35
9061,6194165.766
9062,10965289.59
9074,4722963.406
9086,3279159.131
9091,4705680.99
9092,6717255.652
9093,6833096.094
9099,5970901.372
9102,15174855.94
9103,6666214.905
9110,5827762.323
9151,6510997.114
9154,6668512.648
9160,6541232.106
9165,5811299.16
9167,5498846.156
9169,5772774.589
9172,7750498.079
9184,4908208.764
9185,10013336.99
9192,6283351.125
9200,6418935.823
9202,11765991.62
9205,4063245.542
9215,9194978.637
9216,6458542.73
9219,5128811.264
9220,6156901.766
9225,8148073.223
9234,6263185.154
9235,6260234.185
9241,6526693.52
9242,4375695.812
9243,5688039.513
9246,7434393.817
9247,7872815.555
9271,7712961.76
9279,9595242.108
9282,6473890.837
9295,6698945.455
9300,7803455.9
9302,6519554.995
9307,5838480.091
9311,6254908.9
9316,7608390.072
9318,7257980.023
9320,6129624.484
9324,5484800.85
9333,7458014.855
9337,6628333.214
9339,6784488.849
9345,6888217.226
9359,7267894.551
9365,6765001.773
9370,10756251.03
9377,5742241.042
9379,7197278.061
9382,8262712.436
9385,10195889.91
9393,5329352.029
9400,4297254.127
9403,5085138.579
9409,5756031.962
9412,7223701.182
9413,6171805.024
9420,6170174.988
9421,6965430.643
9424,6025283.142
9425,7198672.149
9435,7219685.966
9440,9302816.392
9448,5815614.323
9452,5951851.048
9457,4393655.74
9458,6759896.036
9459,12693240.7
9476,5739191.151
9506,4939971.719
9513,8130441.185
9516,6220937.878
9520,29934718.56
9521,10058065.53
9523,9314341.335
9528,8786084.509
9549,6587664.544
9559,17824746.9
9561,6676618.008
9573,4992642.331
9574,5076271.21
9581,4210293.584
9585,6506379.648
9586,7541844.654
9588,8094108.61
9590,6266120.773
9592,9417129.265
9595,6134595.573
9596,6022073.184
9609,7242269.294
9611,5727419.663
9641,6883981.501
9652,7640887.069
9653,7391760.229
9659,7998001.23
9662,8803922.489
9669,6364870.351
9677,6176720.574
9680,4861399.182
9682,5021141.087
9684,6951876.22
9688,5549777.406
9697,12284224.89
9698,4698199.322
9699,6253975.554
9704,4579807.133
9705,6357655.939
9709,6848559.662
9735,5407188.104
9745,6519980.811
9755,6085972.924
9758,16547455.74
9761,5031988.017
9762,8508605.642
9764,6816452.639
9771,6562903.619
9772,3610845.427
9773,4532137.502
9775,5592550.205
9776,5995161.359
9779,8093448.979
9780,6527195.528
9781,5530794.442
9789,6104433.982
9795,4633836.308
9799,5838184.101
9802,7928334.721
9804,8110422.365
9813,5816957.102
9815,4857457.419
9822,4525515.122
9827,6917492.062
9833,8268080.555
9840,5043574.099
9849,6810061.193
9854,4634721.582
9855,21781450.86
9857,4393555.289
9861,4503424.48
9877,7526502.618
9879,6664558.782
9882,6356787.584
9887,4710722.137
9904,3280378.153
9906,9664239.051
9914,4655709.111
9922,9565434.191
9934,7365506.945
9936,7074061.98
9938,6123789.076
9945,8193278.209
9946,5601681.029
9949,8055075.672
9950,4563677.531
9951,6648919.802
9957,11487210.67
9968,8173924.335
9975,5183028.401
9997,4828282.687
10008,6339998.673
10009,11790438.51
10013,5549280.52
10015,7318244.855
10016,7973083.76
10022,10879967.4
10023,9380186.582
10027,9697747.815
10028,4346014.802
10029,7666771.363
10033,5623335.087
10038,3832188.897
10049,3728267.226
10057,4387444.22
10058,6077390.076
10065,8000843.15
10070,5849038.941
10073,5459770.492
10076,5587949.955
10077,5236758.872
10081,5583185.664
10086,10504098.82
10089,4406437.285
10098,2647787.013
10100,4285920.933
10111,6040216.083
10113,5933725.562
10117,7173520.356
10131,4320641.099
10132,6067425.771
10136,7687436.847
10137,5113144.65
10138,4233113.106
10148,5530544.054
10152,5639181.653
10155,5537404.557
10158,7765961.041
10169,8918006.016
10176,6458296.386
10181,24324455.02
10186,7667681.599
10189,4297215.685
10190,9352185.555
10194,6381875.579
10209,5798390.978
10211,10895754.73
10218,10002177.09
10224,8331504.018
10240,5718777.584
10244,5725656.866
10248,5734751.387
10255,6201309.053
10267,11425032.15
10271,6783513.544
10273,7525455.452
10277,7107830.06
10280,9504738.694
10281,9975339.077
10284,7255812.31
10286,5169570.963
10290,4482420.76
10295,5825130.51
10304,3788129.598
10307,5481859.03
10316,6900847.473
10319,4516174.697
10320,6817604.681
10327,8122749.904
10330,6008554.944
10334,6798577.974
10338,8197739.474
10343,7330165.332
10349,5211662.57
10350,6272267.741
10353,6525511.15
10363,4835147.376
10372,7808713.558
10373,5884209.839
10376,5846598.627
10382,4747498.996
10394,5161749.644
10410,5104075.834
10415,5992472.639
10416,4353251.704
10434,4848686.505
10437,13968629.01
10448,5067521.658
10487,7819061.321
10488,9696019.004
10492,26922444.27
10500,8755998.092
10505,6562903.619
10508,4812670.781
10511,4367962.769
10517,4223863.349
10518,6633098.421
10524,6533577.222
10532,4540483.599
10534,4793485.224
10536,4191717.918
10538,19787810.5
10553,8848863.409
10559,6005463.026
10560,7325073.023
10561,4695503.698
10563,5889779.042
10574,2895827.526
10580,4098439.856
10581,10610811.81
10587,4690120.818
10594,6509832.77
10600,7020126.874
10606,7407925.846
10613,4329791.473
10615,6417440.46
10616,4462509.064
10621,9422839.053
10622,8478180.163
10626,8254248.463
10631,6598971.824
10641,6334827.599
10642,7486396.273
10646,6093727.118
10651,12502765.45
10656,5817974.935
10657,4591899.37
10658,7422471.583
10666,8593641.489
10671,5621856.313
10672,8239666.423
10693,5522282.43
10695,7088276.899
10696,5644040.045
10704,13258017.17
10707,7312018.548
10708,9931086.615
10714,4976178.885
10715,5702693.877
10716,9181799.481
10728,5291661.134
10733,5579124.814
10737,4948611.724
10747,6705323.369
10752,14075722.33
10755,22587087
10762,5433506.52
10763,7260849.175
10766,5870583.817
10778,5072309.005
10780,5792413.28
10785,6216070.547
10793,3221110.589
10814,5119463.17
10835,6843177.394
10837,8495682.257
10840,12134723.15
10849,6599313.188
10851,5035656.267
10866,8600566.689
10868,7082521.561
10890,5109704.788
10900,6828068.435
10903,6274540.962
10908,10299467.83
10912,4475454.623
10914,4467082.809
10918,7393167.735
10919,9282900.812
10920,5915606.301
10925,6937321.753
10935,7509577.984
10938,5911843.219
10944,4814815.67
10950,6140405.444
10964,7056853.234
10975,7174595.985
10977,5498480.415
10980,8534034.742
11005,6755293.456
11010,3200850.123
11018,5155160.16
11026,10875262.87
11036,9309723.999
11041,5069703.462
11042,5481999.749
11045,9727366.613
11046,9764425.836
11048,8679744.992
11053,6148061.578
11054,7508366.059
11056,6709434.493
11057,7136712.198
11061,6135038.642
11063,3929871.586
11078,6325980.967
11079,7313778.03
11084,4557485.564
11090,5710063.854
11096,7121432.922
11097,8631299.202
11105,5479670.156
11107,7161378.446
11115,9945537.907
11122,9528974.521
11132,6540719.346
11133,6472883.552
11137,8673284.054
11143,8484497.167
11156,6819063.453
11187,8232453.832
11190,7944887.202
11194,3192689.057
11196,6746559.663
11202,5750949.471
11204,4888036.003
11217,5505535.165
11222,5732868.986
11226,11631451.04
11228,4296947.041
11239,11478298.23
11241,5623219.444
11242,7132842.954
11243,3224262.811
11245,9723294.968
11246,3863560.343
11247,15584776.01
11254,4525391.285
11263,6837276.55
11273,6017197.112
11276,9137988.558
11293,4890678.667
11309,6084471.648
11313,5789481.001
11315,6148010.087
11322,4082635.053
11332,9554618.725
11339,6891195.375
11342,7224219.937
11355,5306931.369
11359,7425892.486
11376,10898579.1
11385,13218459.04
11395,7792962.222
11406,7825492.759
11415,5229436.788
11425,3234305.838
11430,5050618.497
11432,5117290.175
11434,6426017.761
11435,4631662.917
11436,8269298.468
11439,7952086.943
11445,11899974.31
11447,6255754.363
11479,7077624.395
11482,6868927.94
11487,7278663.821
11495,5376224.175
11498,5941693.048
11508,8163698.258
11514,5550809.242
11517,9036581.094
11526,5742671.486
11541,7374645.688
11555,3016383.966
11560,5964170.051
11563,8513895.898
11574,7569441.232
11578,5961625.04
11584,6472765.488
11608,5686761.946
11613,11278743.43
11620,4599970.89
11638,8606330.884
11640,5010080.974
11643,6616516.243
11646,5928968.56
11648,4623687.818
11656,7916168.772
11657,7399238.129
11673,4774445.956
11681,5957889.483
11695,14588676.82
11696,7482732.47
11698,7173965.506
11699,6934351.903
11706,4798549.249
11710,7901959.513
11712,7572805.786
11730,9830623.351
11734,5528068.635
11744,17772433.92
11745,3731039.808
11756,6132112.556
11763,4424341.664
11768,3194949.141
11783,9337395.245
11791,4588189.194
11794,7649578.975
11802,6621151.979
11809,5301843.837
11815,7674994.968
11817,7179263.59
11819,5783740.029
11830,7537886.567
11841,12826736.1
11851,4882142.087
11861,8567009.45
11863,5713397.018
11865,8216702.609
11869,6126757.497
11877,9814833.241
11878,6687405.614
11889,9488343.516
11894,5007674.744
11905,8652809.022
11910,7443416.158
11920,7981381.855
11929,5564586.48
11930,7774825.854
11931,7994037.652
11935,7135017.18
11938,5118688.187
11942,9612499.751
11949,6174471.084
11956,9087569.398
11964,5828019.114
11968,7202816.307
11974,4464564.984
11976,7302070.503
11977,5570828.306
11984,6496778.409
11985,4766720.05
11994,7551958.214
11998,4798808.087
12000,7813428.91
12003,6921390.417
12005,7002930.317
12009,6224861.417
12014,6642272.968
12019,8976764.647
12020,5453666.239
12021,3413451.739
12025,6238994.444
12030,6530833.559
12045,12395570.2
12047,6246937.657
12050,5668576.06
12054,6113967.456
12055,4802093.857
12056,5508280.929
12063,11449132.68
12064,6045243.017
12067,5516404.618
12071,7734894.271
12074,6587031.953
12077,7769281.188
12093,8599642.207
12095,7345929.16
12099,6518515.259
12103,6138974.967
12110,6467288.113
12112,6225968.405
12115,5439942.824
12125,8641320.489
12126,5808932.811
12136,4828984.94
12138,6213660.564
12146,6062924.395
12147,6038802.101
12152,6101877.479
12170,9956031.314
12171,5211227.197
12178,12477386.48
12181,5419567.833
12183,4551146.111
12189,5364188.738
12201,3778626.793
12203,4683213.653
12204,5264069.574
12210,7030824.714
12214,13720278.58
12217,5995715.11
12219,6694426.52
12231,9705098.991
12238,4766720.05
12241,9529351.155
12247,5237231.674
12251,6201744.767
12266,6388010.471
12267,6866308.319
12270,4215699.821
12279,5214114.413
12295,4966521.598
12298,2892176.648
12306,6524870.08
12311,10304119.58
12314,9170328.653
12325,5740084.474
12328,6129624.484
12333,10924189.25
12346,6259264.885
12349,5723116.395
12350,8485147.023
12355,9994966.403
12366,6003075.657
12370,5770746.707
12382,8565096.186
12396,9639056.548
12412,6187906.844
12416,9324877.263
12417,5676652.927
12427,3685728.78
12450,5898265.368
12455,8448664.674
12456,6241265.549
12462,8766713.911
12463,7788315.06
12464,5396520.384
12468,4749824.229
12475,11381191.91
12476,5860844.953
12484,5604548.212
12488,5300909.13
12491,6889413.407
12496,6280838.414
12507,4711477.259
12508,4534005.914
12516,5275739.691
12519,5891395.943
12520,3745619.184
12522,5332749.704
12528,6952879.034
12536,4435872.351
12554,6169977.47
12557,6748688.723
12558,4347308.426
12559,5786703.657
12562,9577258.12
12566,5156202.662
12573,11767209.89
12574,7149521.804
12575,5028774.856
12577,7558092.82
12591,10266335.53
12597,8475446.455
12614,8398321.657
12615,4331928.814
12620,8306232.538
12622,9453137.934
12623,4756750.564
12625,6050574
12630,12395817.82
12631,4834482.731
12635,8911278.903
12649,7539793.539
12651,10652266.39
12656,14070812.76
12669,7121734.597
12674,6599798.289
12675,6693142.271
12686,10714365.81
12698,8059410.73
12708,5097913.136
12723,4978683.869
12732,5836140.772
12756,4333558.544
12757,6261537.1
12760,5917051.359
12762,4771172.434
12774,6954032.009
12782,8561003.746
12785,4412334.665
12786,7143174.167
12790,5978437.76
12794,6922971.447
12799,4644317.893
12800,4599970.89
12806,5547482.139
12819,4548567.649
12820,4261655.49
12821,8023754.759
12829,7235419.98
12833,6159217.825
12837,7170409.227
12843,10217190.13
12848,8341845.334
12857,5397620.965
12860,5296863.853
12861,7643660.122
12868,18505631.62
12869,6299435.111
12874,5270493.203
12878,4371791.584
12886,9934926.657
12892,4795296.933
12898,4670540.23
12899,8886602.256
12900,6541147.043
12908,10432118.42
12909,5646139.538
12911,7770957.846
12918,8055725.083
12932,5627757.464
12934,6847624.336
12941,5751037.951
12942,7630945.06
12943,4170137.458
12953,5869121.143
12957,4992997.746
12958,6013215.499
12962,8992786.001
12974,7867132.198
12978,6031528.764
12981,6390294.195
12988,8791693.383
12995,4685097.665
12996,9020980.028
12999,11354767.26
13000,6446009.549
13002,11081916.14
13005,7244508.891
13035,5926872.65
13037,6000445.896
13039,6692963.467
13066,6089759.357
13087,4582322.548
13088,7215529.95
13091,5465490.318
13098,13624232.63
13108,4475825.286
13111,5966162.859
13123,5673705.342
13146,4492950.829
13147,7318731.366
13165,19884801.75
13177,6064712.102
13180,5735114.81
13197,9830936.014
13201,7339426.459
13202,6939614.961
13207,4365457.071
13230,6723600.68
13234,5191286.514
13238,10438186.86
13245,38983242.19
13251,4819914.581
13256,10041221.5
13279,7978273.02
13282,4605421.27
13288,5762477.438
13290,6380924.868
13291,9360930.858
13298,10432297.64
13301,4853374.816
13303,7427089.686
13305,4989874.584
13313,7927360.301
13316,5722239.199
13320,6376672.058
13330,6448523.941
13338,4642320.326
13342,4563677.531
13347,4487251.986
13349,6524381.409
13377,6745450.289
13385,8066374.902
13391,9585835.547
13392,5502302.158
13397,6810061.193
13404,7466065.9
13415,6313922.09
13419,6452177.138
13431,4882670.998
13439,5528068.635
13444,14584813.3
13460,5423636.737
13464,9525589.361
13478,5856887.766
13486,6183437.904
13494,10248469.85
13511,5629225.926
13515,5543407.023
13521,5878032.532
13537,9271579.141
13545,5361872.032
13549,4.96539E+13
13583,5777115.706
13587,7850961.558
13592,8537622.172
13598,3362094.712
13608,9216392.782
13613,4840325.57
13616,6457407.157
13619,4162679.498
13623,6623644.296
13624,4292922.737
13633,7286506.036
13638,6474300.962
13646,5053711.026
13648,4666034.466
13649,8956660.467
13657,4816176.274
13658,8316331.215
13667,3656447.68
13686,6200521.238
13692,5645013.102
13697,4496173.558
13699,11795738.78
13700,3333016.134
13706,5882708.126
13709,6110091.968
13712,5929877.702
13719,11167880.7
13724,5233579.781
13725,4983947.212
13728,5265366.225
13732,8747200.275
13745,8435087.593
13777,4648913.529
13786,5859480.019
13798,7509796.883
13827,8771781.695
13828,4142410.019
13829,6049488.109
13830,4435835.159
13840,5276367.864
13841,5634516.871
13842,3993217.756
13852,7099674.787
13853,6395425.92
13859,7583650.981
13870,9315232.564
13872,6536522.104
13875,8211420.908
13876,5203112.954
13879,5995721.859
13881,4583528.038
13882,10776167.16
13886,10193607.95
13889,5710388.802
13899,6766585.482
13901,8802816.339
13902,6504478.389
13914,8005982.914
13915,5353574.141
13920,12810508.47
13924,6680393.285
13925,4384496.937
13930,7474866.179
13933,5422190.011
13952,11549505.43
13953,6880428.848
13959,5267613.358
13960,7021262.344
13962,4602691.338
13965,8022219.77
13968,5952473.585
13974,9666144.33
13976,6076076.251
13982,7252470.898
13983,4859900.793
13984,5546113.167
13999,6852278.639
14013,5194279.803
14026,7139789.54
14029,6386723.198
14042,10787997.87
14048,5734958.99
14059,11351691.62
14067,5704456.224
14073,6278126.191
14080,7514992.587
14092,8463907.397
14093,10444328.76
14111,6811733.14
14112,4830152.801
14113,4873630.946
14132,4599163.755
14135,5293039.4
14146,14456977.41
14158,6174471.084
14163,6557920.781
14164,5290650.073
14165,6000498.193
14169,6010437.725
14171,5868215.136
14173,7044827.233
14178,5864661.579
14184,6022580.379
14190,5679313.595
14192,6085687.702
14217,9471974.536
14224,6584178.61
14231,5180911.675
14233,4550089.848
14235,8087391.206
14247,4532928.158
14252,4774445.956
14265,5059860.712
14267,4277195.51
14268,5271175.948
14274,7780782.728
14275,5063348.732
14281,5533749.059
14295,4730522.812
14306,5945503.769
14307,7772916.801
14308,10580386.83
14309,6658268.412
14318,4292784.996
14325,7737170.94
14329,8535535.134
14330,7662814.92
14337,7406212.36
14342,6052736.462
14344,4884365.435
14350,12596296.85
14355,3954065.377
14357,5041054.191
14358,6006590.418
14359,5164944.838
14380,5174591.195
14400,6099328.532
14402,8233411.519
14409,7463713.853
14429,3591184.403
14430,5817627.367
14434,7676984.2
14445,6604492.738
14451,4753547.788
14453,5013605.062
14457,6274627.7
14462,13618140.41
14468,6237087.936
14475,8142187.292
14479,4987552.98
14489,5853988.541
14492,6817220.255
14499,5521853.85
14502,4370426.134
14505,4352392.472
14518,6156828.427
14524,9976556.018
14526,5751900.421
14546,7653586.111
14548,6993662.634
14550,4857087.317
14562,5348447.256
14575,7432176.227
14576,6219269.098
14579,11013782.24
14580,5871530.237
14582,15512698.07
14594,5097208.366
14595,5562026.298
14597,6419011.698
14609,12539478.62
14613,12232878.63
14614,5300784.581
14627,5286449.179
14633,5647994.02
14638,6777126.857
14639,11278546.09
14645,6762441.393
14648,7646817.708
14650,6863365.398
14668,7956428.817
14674,4620121.293
14678,5792441.14
14680,5182909.441
14689,5320517.848
14690,6919696.54
14692,10326479.77
14704,5505477.839
14705,4574178.506
14713,6839688.566
14716,5854548
14717,6598692.47
14723,8870676.447
14728,5299466.835
14744,7378671.333
14745,8001612.719
14750,3380876.819
14767,5844480.57
14792,6019421.542
14793,6387371.896
14804,5663373.152
14817,7118534.719
14822,6267411.657
14824,4049769.93
14833,17092072.18
14837,5878618.856
14839,5126569.517
14840,6598533.544
14843,7523985.2
14846,4687444.397
14853,9402763.391
14865,5133952.532
14877,7493521.572
14897,10410308.9
14908,5998089.324
14911,5563038.804
14914,3154669.359
14917,4521037.287
14919,8173864.102
14922,5784846.037
14925,4970574.979
14931,5033796.1
14940,10617680.93
14942,6127922.918
14943,5404665.276
14952,5017047.73
14953,5655836.639
14957,4588189.194
14959,7671184.021
14960,6123409.44
14979,4065842.262
14984,9806026.547
14988,7157986.98
14989,3172749.022
14990,6145515.761
14994,5995456.212
14995,6394200.435
14998,5380825.732
15000,5867269.32
15003,6754852.003
15023,5311772.986
15025,10047594.86
15036,8984283.272
15037,4431960.543
15050,8527541.173
15060,4607036.932
15071,4372198.455
15085,8344215.438
15094,8007476.577
15118,5542705.78
15121,7773746.771
15122,4864517.88
15124,7918003.767
15131,4397853.107
15150,6389573.232
15152,5394783.581
15186,5934488.507
15188,5107572.816
15193,5029785.997
15196,7337353.41
15217,5808640.941
15218,6535735.17
15221,7555887.323
15222,5027977.708
15225,6200279.172
15228,10198670.39
15236,7641996.27
15238,6039024.177
15247,9301403.791
15252,5539077.808
15265,6299412.625
15266,7583944.7
15271,4293981.578
15275,7834937.523
15277,9478196.189
15279,8056494.113
15290,6528752.837
15300,4800756.062
15308,6996925.242
15328,4683629.717
15329,6015974.95
15334,6411695.685
15337,6339853.664
15338,6611260.061
15345,3651458.21
15351,5462655.988
15358,5735301.169
15364,9427109.718
15366,4262600.577
15373,8643026.002
15381,11933893.73
15406,4962271.203
15419,4507036.899
15422,5997596.95
15424,6787900.734
15425,3743214.747
15427,5932127.395
15429,6139511.984
15436,5804525.373
15440,9745970.992
15459,6665262.16
15469,7435094.833
15474,3894604.407
15476,4589173.384
15482,2449333.641
15484,6665709.819
15485,5115590.758
15490,6461421.12
15492,8274069.709
15498,9444393.008
15503,6462958.109
15515,7858126.35
15519,4181834.112
15524,11263777.03
15532,6093728.46
15536,3275036.644
15539,4175420.904
15540,6190652.982
15553,6641522.875
15563,4571396.637
15572,6432723.95
15574,8732797.86
15577,7777664.915
15603,9626789.303
15634,6220937.878
15638,15573828.19
15651,10984421.83
15653,6201956.08
15658,5296387.894
15664,7417694.293
15666,6128987.893
15674,5933908.99
15681,3057842.415
15684,4113182.541
15689,11554053.17
15692,6193712.709
15694,6599545.86
15712,5233579.781
15715,6107555.843
15720,8252574.628
15724,6760613.51
15728,9513348.745
15731,8789567.374
15736,7732299.337
15737,4495891.712
15748,9112179.742
15752,6161086.652
15757,12662871.64
15762,6566296.675
15764,4441077.59
15771,5641451.426
15775,5980389.205
15787,5788502.076
15793,11011619.99
15801,8594160.596
15807,4875386.107
15811,7107631.949
15819,5027977.708
15827,11318532.33
15830,5640564.266
15840,8568147.56
15848,9641865.414
15870,5793490.379
15875,8581743.69
15882,16620031.62
15890,6174471.084
15899,6492950.412
15908,6165437.333
15915,7253041.936
15918,6070481.365
15921,14789233.58
15923,9828558.78
15928,5333183.671
15933,5878632.88
15936,6550859.875
15937,5199879.94
15944,4787385.553
15945,7048042.043
15952,15652451.2
15961,6443455.951
15969,8705447.688
15981,5596908.166
15984,17210976.97
15988,8206062.159
15993,6661462.156
15997,4731923.051
16011,5567731.821
16018,5956404
16020,4557350.206
16027,5617816.385
16040,4672534.074
16046,6008324.604
16047,6508150.562
16059,7836069.595
16060,10334349.64
16069,6563491.351
16083,6867997.029
16096,6142542.533
16114,5834626.533
16118,7775200.027
16121,7778134.685
16144,6893767.502
16151,8654931.929
16153,4660855.606
16166,2194546.664
16194,10407464.91
16195,7629853.246
16200,4475714.798
16202,6600615.676
16206,6625038.48
16210,4517509.565
16222,9384666.18
16223,6474823.928
16231,8057299.599
16233,20288533.9
16238,10168540.98
16239,9139969.401
16249,5420706.34
16255,5420416.279
16260,2311483.491
16264,5352583.302
16272,4017892.734
16287,2553205.389
16293,3178307.716
16297,9995874.299
16301,8356103.64
16306,4329152.3
16311,8096863.991
16312,4982689.051
16319,6010671.041
16322,8779081.959
16333,4356291.782
16334,6185973.364
16337,8978451.769
16340,5993262.123
16349,8707165.858
16354,4031782.37
16358,7412328.664
16379,8898360.959
16380,6489832.238
16386,8060911.414
16389,7409692.856
16392,10760112.38
16404,6326053.241
16407,10255962.92
16408,5111023.645
16413,6382712.949
16415,10272237.87
16423,4709406.593
16429,14262305.53
16435,8213993.358
16440,9053036.095
16443,6040216.083
16445,7268854.264
16449,7150949.229
16463,6565493.845
16464,8856082.856
16473,6939951.417
16474,3345934.651
16484,15627538.84
16487,8659570.176
16488,6000347.892
16492,8778972.045
16496,9431658.124
16517,5003358.682
16519,9350973.603
16524,7138164.486
16525,7606039.215
16529,4049743.448
16545,5711686.634
16550,10123572.41
16571,5825122.703
16574,17922857.09
16579,4789006.59
16584,5701419.392
16585,6167943.249
16588,6826966.454
16598,4856092.634
16610,10035472.19
16611,4645138.798
16624,7818336.433
16625,6859518.911
16626,12421020.86
16647,6792606.923
16654,7557639.887
16659,9465161.442
16666,5952356.298
16671,7908481.508
16674,4199485.773
16685,5034619.999
16690,4790391.091
16699,10475871.4
16702,8483135.065
16712,12695148.84
16717,8866461.27
16718,5754983.808
16721,5519829.998
16723,6256561.447
16740,5773850.018
16750,7036597.616
16755,6869202.158
16767,8731300.487
16770,6843907.187
16781,9803290.935
16784,6720092.679
16787,9553244.453
16792,6632130.763
16796,7243105.876
16801,5915858.802
16813,4738943.778
16818,5634259.976
16828,3423102.259
16834,3244355.397
16842,5532630.612
16856,6538315.412
16858,5930468.495
16862,6224042.252
16863,8745831.292
16867,8018312.503
16871,4201924.918
16876,7110956.985
16881,6259042.677
16882,2721311.144
16883,4547249.56
16884,6927906.871
16896,6751403.39
16900,6540296.404
16902,4402790.264
16903,5958620.851
16911,8697644.742
16922,7208785.078
16925,4392608.408
16926,4259194.764
16935,9689036.632
16942,6876172.476
16969,6108615.75
16977,7198296.221
16980,10984573.96
16982,5378247.835
16983,10144921.91
16987,5995721.859
17003,5113245.476
17005,11110366.39
17009,7150991.706
17010,6554139.695
17011,6890777.065
17012,8075450.166
17022,8114410.047
17035,6004991.63
17036,4669917.746
17042,4069456.478
17046,12005626.24
17054,4650887.4
17087,7101468.365
17089,6352396
17091,7327334.805
17097,5346222.679
17102,9714064.045
17103,8783950.266
17104,5398727.975
17108,4810090.212
17109,4914349.151
17120,6073360.354
17125,6620421.52
17157,3238915.136
17163,7406941.797
17164,7870698.525
17166,10969745.64
17179,7580455.822
17190,7967114.233
17191,5246827.553
17194,5947604.847
17207,4577351.844
17214,4897020.987
17216,8235290.915
17221,9172020.621
17226,10919987.53
17241,5896250.146
17245,5732318.603
17250,8229449.622
17260,7030966.94
17261,16907626.13
17280,45053645.48
17292,5524818.557
17293,10087769.59
17295,5869103.548
17297,10356568.51
17299,13140146.25
17306,8107527.782
17309,6226697.31
17311,5377610.336
17324,6691555.494
17326,4458735.928
17337,8909906.805
17344,6075164.033
17346,7632435.341
17348,6560869.963
17349,6301948.915
17355,4878463.424
17358,5972332.509
17382,8077146.02
17394,5151325.341
17399,3112455.423
17403,7010529.656
17405,16010849.47
17415,4305739.28
17417,7341100.479
17429,4983100.662
17436,6054235.607
17437,12806706.08
17442,7428374.705
17458,8437138.516
17478,5000412.251
17482,9715090.758
17489,8271073.95
17490,6269608.071
17491,5718847.574
17494,4502645.561
17495,4360447.08
17506,11757571.53
17508,11268680.25
17511,11980953.22
17521,10125325.13
17526,5540227.82
17529,25213036.51
17533,6527172.831
17540,10087403.34
17542,6955921.344
17547,9785467.307
17548,8025073.638
17552,5825660.775
17563,5423776.853
17578,8782393.59
17580,5068620.81
17592,11392802.14
17594,5931274.655
17596,12038458.55
17600,3658387.615
17608,6387241.024
17611,4366251.543
17614,15155001.62
17617,10683292.31
17618,11422809.22
17622,5432346.277
17632,5047210.204
17640,5088606.97
17650,11477699.46
17652,11172618.91
17663,6405932.625
17664,4853427.2
17683,5941661.452
17691,5122658.683
17704,7096136.838
17721,4929886.039
17725,5850676.19
17733,12656993.17
17736,9251756.829
17740,5579597.887
17743,5627102.293
17758,4978694.919
17760,4440472.565
17767,14855347.23
17770,8466312.134
17771,6985375.206
17772,4361068.004
17790,12401878.37
17800,5167077.851
17801,5104250.673
17802,7187521.585
17803,7323020.145
17806,9961608.588
17811,4422287.151
17814,7158019.208
17827,12160135.01
17833,5050866.696
17841,4839882.396
17846,8329344.63
17859,4991237.201
17868,6729759.046
17870,13050372.2
17874,3879119.82
17877,4900137.964
17882,5035917.691
17894,3322217.313
17900,4822526.423
17911,9079206.106
17915,4123682.856
17917,3822378.154
17922,4624579.399
17924,4050592.414
17928,7167089.74
17939,5153924.642
17946,3587430.518
17959,4685272.423
17960,4817966.054
17962,6202878.663
17965,5041954.557
17966,5953651.454
17971,6509018.768
17975,5418255.27
17981,4291329.146
17998,4686252.889
18001,5861502.526
18003,4950813.019
18005,6815728.827
18015,4935176.671
18038,5803704.05
18050,13043049.5
18058,4247909.986
18067,10905481.52
18124,6210428.069
18126,8637021.224
18127,4743279.733
18134,8689662.657
18148,7330240.522
18151,5790030.234
18154,7113741.864
18164,6408806.137
18166,6420836.255
18176,4839014.014
18179,6283563.636
18182,15409598.74
18185,4839129.341
18190,9088095.418
18195,5645158.707
18201,9621917.44
18204,3256991.718
18207,9889095.875
18214,5797824.824
18215,5850199.973
18221,7411141.89
18224,7329556.684
18226,4254048.076
18228,11106582.5
18233,4111790.352
18236,5087300.322
18239,6009197.257
18249,13817410.25
18258,5284669.377
18265,4533830.094
18276,4544272.251
18280,4104477.458
18282,21030071.29
18285,8586498.744
18293,5378023.169
18299,8770851.724
18300,6280193.965
18306,8000381.347
18308,5103574.591
18312,4837730.173
18319,5478874.153
18321,5458956.298
18328,7338378.156
18329,4574484.309
18333,9898424.835
18338,6677004.303
18343,8056575.363
18357,5287046.24
18370,5663104.182
18372,5684085.04
18373,5118682.18
18374,7145074.472
18385,6090984.412
18396,5961584.969
18403,5685661.698
18408,4905069.389
18420,6495228.481
18428,7613860.881
18440,10835436.69
18443,5307196.559
18445,5592171.659
18452,7205651.047
18453,7388764.555
18460,5861995.803
18465,5519829.998
18472,6590797.947
18477,6605484.1
18500,5347482.427
18509,6707906.773
18512,6059900.056
18513,6197701.889
18528,111505679.6
18529,3650221.65
18533,7765150.479
18535,16491508.69
18540,4219660.64
18544,5252963.817
18546,5904734.557
18549,4593721.463
18555,9325656.906
18560,4291918.75
18569,8346959.791
18585,4700682.712
18586,10636071.56
18588,7371921.189
18596,7051977.165
18597,5337944.01
18606,4257793.476
18614,2818030.767
18616,7589835.275
18622,5152561.737
18631,10713972.48
18636,6231556.598
18637,12439671.91
18649,7695857.566
18653,9628795.177
18660,4514352.297
18677,10091516.98
18703,5352202.633
18713,3396453.943
18717,2269866.4
18720,5965952.866
18721,5677001.672
18722,6784415.654
18725,4895082.857
18733,7742647.438
18739,12244321.93
18762,9925545.617
18766,4739507.605
18767,7569543.585
18773,7765353.964
18791,4970924.645
18792,10897886.41
18793,7519960.119
18795,7594909.396
18796,4799064.239
18797,8874141.76
18806,6756873.453
18807,7385350.787
18808,6354438.324
18821,5924549.729
18822,9325690.996
18827,5118085.905
18837,2697990.331
18843,5181685.172
18846,10468764.03
18847,5630238.775
18852,5409601.552
18858,4701409.335
18859,6371369.522
18870,4811477.626
18873,12980120.07
18879,4402178.657
18880,9660290.086
18904,3751612.21
18905,6199886.139
18928,4760642.45
18932,6018118.916
18935,5154560.234
18944,4136337.185
18953,9426809.388
18954,4571381.272
18960,5645380.379
18962,2520676.19
18966,16680010.05
18968,6136458.407
18981,5118738.165
18982,5611695.02
18990,6715684.855
18991,6765521.921
18993,31774369.63
18994,7745010.811
19000,5620940.759
19005,12080300.27
19013,5196751.336
19019,5487652.92
19024,5532568.34
19029,6447513.356
19030,5124506.284
19045,6568074.54
19046,5526693.098
19053,5179159.726
19073,5571126.458
19079,5225744.875
19090,6474649.206
19092,6696970.122
19097,8590710.955
19101,7706311.975
19109,4934467.18
19124,7825736.38
19131,7911916.137
19133,7811490.03
19134,7097020.126
19135,7075807.177
19140,8201664.261
19145,6872803.335
19147,5457603.084
19149,6385643.501
19155,7338773.034
19170,8750647.719
19171,4946559.864
19173,5818450.26
19175,6532169.11
19206,7479857.778
19207,14587628.17
19208,6303114.939
19220,5618787.011
19221,6701559.754
19229,4919893.106
19231,10677317.47
19232,8035985.318
19236,4635852.61
19247,3203849.312
19253,5950260.974
19263,5242905.275
19268,7031336.137
19270,6317542.437
19271,5628064.88
19274,8862788.508
19276,17522596.32
19291,7588280.677
19294,8063918.988
19317,5652004.654
19320,5697489.887
19325,6106953.88
19336,8939173.021
19347,6241253.57
19353,6783822.347
19371,9729025.585
19374,10361951.47
19376,3878098.831
19388,9569579.621
19389,6751959.801
19405,6312358.941
19419,6329979.844
19422,5844646.649
19430,7622457.431
19436,9769499.347
19437,6721593.842
19441,8161502.901
19446,6353344.063
19456,11053452.69
19457,11254264.11
19464,4081501.548
19476,10175940.1
19478,4652350.209
19489,3861223.318
19493,5678821.437
19510,7603530.713
19512,5751900.421
19516,50413516.7
19519,9157035.206
19523,5983980.813
19526,2501093.351
19541,11544336.88
19557,7431222.211
19573,3364658.041
19574,8618953.579
19578,5642319.851
19579,2303017.23
19585,6080008.441
19587,7376365.871
19588,7005616.569
19590,4347843.532
19591,6169611.164
19594,7794154.574
19596,6829951.504
19597,7629808.323
19599,7421016.457
19600,4787703.672
19604,3144775.923
19611,3248267.903
19614,5551043.572
19618,5111232.495
19623,4188025.19
19627,8123103.566
19628,6034441.616
19629,6717683.339
19638,5846261.802
19647,6171384.962
19654,4460614.727
19655,6015968.742
19663,5941616.867
19691,12210993.8
19692,3763618.619
19694,9510993.173
19698,5416999.935
19699,6102381.286
19703,9156989.574
19704,7479842.419
19707,11422841.36
19714,3723603.307
19724,8494236.218
19731,7416182.54
19735,7847927.315
19742,6124042.044
19755,9466464.159
19760,7660475.097
19761,5186828.169
19766,6578842.046
19768,4616169.62
19770,5189857.799
19772,3948530.654
19781,5448987.918
19788,6639247.613
19801,6031952.382
19806,6894847.405
19808,6030202.493
19814,6164854.404
19816,10848587.11
19821,5683867.106
19836,7201395.706
19839,6478042.242
19843,7757916.904
19853,6303455.142
19866,6381642.858
19876,10806691.04
19877,5749691.278
19887,3271045.536
19895,5924756.148
19902,8376879.418
19914,3561732.582
19923,4462702.99
19928,4415715.039
19933,5687322.888
19945,5129649.983
19951,10315758.67
19962,5803852.447
19974,6721852.135
19976,5673338.18
20003,8453336.105
20007,3376944.943
20012,5896145.568
20023,7119350.849
20029,7161780.526
20031,2688380.121
20042,3217304.189
20050,12163049.67
20054,5096688.339
20060,6672138.077
20064,14048203.37
20069,13881238.81
20074,6180600.127
20076,6099833.128
20078,4885114.408
20087,16916167.9
20090,9404000.337
20091,6589199.823
20094,6931195.3
20105,17152833.45
20110,10407168.73
20122,9459190.102
20124,7470219.167
20141,7123153.403
20143,4195207.579
20144,3952226.856
20149,9901311.555
20150,7771840.105
20156,8979819.134
20162,4435233.595
20164,4391434.659
20168,5239906.398
20169,4727497.058
20180,9201973.896
20183,10379356.42
20189,5534977.553
20194,5167567.566
20196,9824181.904
20204,4134619.538
20208,6151661.33
20210,5264624.583
20216,7662979.346
20217,10729880.28
20219,6764107.272
20235,4837590.077
20246,4378331.653
20247,7904623.964
20250,3420808.983
20261,3631329.206
20269,7309245.952
20270,12893664.85
20279,5546073.032
20284,6710063.56
20285,4021082.347
20294,7976444.231
20298,11857337.08
20310,5869831.793
20324,3039168.096
20326,5689259.145
20331,4189357.919
20336,5202515.584
20340,6415730.338
20343,7444025.749
20345,7596151.872
20354,6139418.746
20365,8396934.555
20372,10424647.54
20373,5562411.334
20374,5879316.59
20378,6792672.719
20379,5410235.247
20386,9956021.266
20390,10009065.23
20391,7832878.54
20402,5252479.695
20406,4473888.493
20407,4298302.226
20420,6192221.477
20423,5408966.548
20425,4826730.386
20433,2307898.806
20436,6647144.01
20438,10985589.99
20443,7362653.37
20468,8487292.47
20470,9046960.827
20477,13659242.96
20484,5845150.423
20492,5800832.119
20497,13297494.6
20507,4694046.573
20513,7121880.512
20519,9198746.569
20520,3271870.618
20528,4392002.027
20529,5557594.84
20533,3988504.534
20535,7338483.055
20540,6695597.752
20543,8056851.936
20551,6207217.446
20561,5091288.624
20573,5486331.171
20579,6860120.934
20580,7029110.742
20586,12881396.51
20597,6171035.606
20601,6428242.157
20612,10309959.25
20628,9289128.046
20629,5997966.096
20632,6924753.904
20633,6768268.11
20634,4319741.867
20635,4640435.735
20640,8550427.481
20644,4967946.748
20646,5144594.757
20659,8209010.26
20661,4506881.894
20666,5601643.959
20669,4904033.823
20675,4799828.626
20691,3942673.187
20693,6490799.042
20717,13036286.84
20731,3725776.676
20735,16305276.65
20737,2967365.201
20743,4066587.503
20744,5053622.963
20746,6621549.719
20748,4003027.918
20756,6801393.304
20761,17353711.17
20771,6243167.425
20775,6450949.938
20778,15922490.08
20787,7779480.9
20792,4179015.53
20803,5154825.992
20813,8316007.895
20816,4441663.063
20833,7348058.709
20834,5551647.913
20850,6538426.386
20854,5316301.141
20864,6287713.949
20867,6128126.426
20869,4199485.773
20871,29552247.86
20874,4880167.705
20876,5007825.091
20881,5073457.507
20886,6883878.313
20887,10507031.52
20892,6598195.456
20896,6862384.692
20898,4986323.557
20902,9255078.27
20906,8854842.039
20907,7321100.927
20919,6359474.282
20922,4266046.503
20923,6470677.904
20927,6194178.371
20931,7513369.355
20937,6251860.783
20940,7314728.085
20942,7253415.72
20943,11323481.57
20944,6165483.939
20948,5908269.658
20949,9028580.794
20952,10176361.81
20956,4905657.146
20961,6239800.392
20969,6174153.886
20982,11421257.29
20994,6039948.465
21002,5308835.998
21006,5782915.563
21008,6202976.572
21012,7286175.138
21018,4495772.091
21025,7083340.752
21031,6996539.74
21043,6157426.259
21053,6520391.735
21057,4359917.281
21058,6131081.799
21059,7558625.826
21061,5569432.622
21071,6814864.086
21078,6966570.295
21081,4399698.469
21085,6253763.108
21099,7408325.443
21107,9180750.876
21109,5573626.592
21114,6400383.906
21118,5372465.353
21122,8317692.621
21127,10302243.28
21129,9697344.706
21133,10251562.96
21135,6003744.309
21138,9286973.107
21140,4998824.292
21145,6361634.694
21149,6254053.246
21151,5415607.765
21152,17236496.88
21154,5883604.895
21158,11393590.53
21163,5104782.096
21182,7953838.719
21203,9946922.699
21207,9395453.145
21219,4901353.277
21222,4152228.842
21243,10333012.38
21266,5810432.296
21268,10784340.88
21269,5524983.478
21280,5876725.702
21287,5912242.816
21289,7490472.81
21302,4958710.539
21314,9656799.967
21320,6978099.032
21322,4571410.557
21326,7583506.098
21335,6915949.149
21337,7838821.264
21341,10872115.52
21349,5887544.499
21354,6546936.661
21358,5792978.926
21366,7839730.047
21368,10692655.91
21369,11563680.25
21370,6315847.973
21372,6713718.107
21380,6350509.772
21396,4827897.138
21397,5934864.791
21404,4213688.079
21422,15553211.43
21423,12910507.17
21431,3979984.86
21442,4886855.699
21449,6900780.475
21451,9821805.198
21453,19400961.82
21459,4741023.448
21486,9331074.334
21494,4512399.101
21504,8437538.722
21537,5281009.117
21547,6292825.553
21554,6051594.98
21557,7459160.116
21568,2520676.19
21589,13637098.79
21590,6214671.8
21593,2315114.999
21596,8137109.371
21597,7609529.154
21603,7021833.115
21613,4400037.519
21623,6316670.309
21624,5802602.499
21633,3728187.594
21637,16509519.09
21641,7335742.339
21643,6929838.398
21646,6301793.632
21658,12289742.26
21660,8799498.85
21663,7370104.673
21664,5765047.623
21674,5494082.187
21680,4319368.121
21681,8338139.975
21683,10738053.08
21688,8064223.227
21695,7300474.117
21696,10735140.04
21700,36848396.07
21701,10644037.04
21714,4884536.897
21715,5752075.769
21716,7179120.857
21719,6875654.995
21727,6426541.017
21733,7142057.088
21734,6902350.672
21735,6282365.187
21738,3486765.42
21740,6549888.143
21744,6805984.144
21749,6106911.268
21752,7030301.051
21755,5649091.637
21757,10748956.88
21760,5466456.438
21761,3788560.592
21763,5396072.723
21764,6077038.186
21776,12276940.95
21778,8422493.576
21783,7755398.447
21784,9955169.808
21788,5529581.04
21789,6672588.428
21790,6006421.047
21792,3341149.818
21793,7467814.13
21799,10470403
21806,6777006.23
21807,4992782.889
21816,4733920.446
21822,7894472.008
21830,8867119.873
21840,12336435.56
21853,6477129.294
21858,5078449.669
21861,4565031.736
21863,5405373.588
21867,6733208.739
21888,4861160.077
21889,10852188.59
21890,7737538.97
21895,5323052.741
21906,7317440.344
21907,8194158.35
21913,12936940.47
21915,5506248.495
21922,7865210.338
21926,4846269.238
21936,7214012.584
21960,13441834.14
21965,5584289.283
21967,5648847.162
21970,6053573.721
21973,7064644.686
21976,5425240.333
21978,5702708.002
21981,5916159.732
21987,3311559.495
21988,3534326.083
21992,5500031.891
22002,11955596.83
22004,5709882.121
22006,4824866.022
22007,12944848.71
22017,8236549.647
22018,8176399.969
22020,16816471.37
22025,8151042.784
22033,5880441.396
22036,9565817.924
22045,6390770.133
22047,4942696.578
22050,7144138.057
22055,4456226.612
22058,7022198.176
22066,6080484.995
22073,7413608.953
22079,12785456.23
22091,5564313.535
22096,6206735.735
22111,6398650.835
22116,11765170.74
22124,12563900.83
22132,6870148.083
22134,8010591.378
22135,5012851.987
22144,4210138.482
22150,5908978.598
22153,7272975.088
22157,6779898.038
22160,6111320.09
22161,5706805.911
22162,8587894.752
22169,6162171.068
22171,3667574.707
22178,7451935.782
22181,8138668.432
22189,8908070.527
22191,5348772.017
22196,7099658.89
22197,5200081.935
22204,5308036.697
22209,4549342.925
22211,12136188.68
22215,4487113.634
22218,3852063.515
22224,5832318.057
22234,6659254.546
22235,8913878.526
22246,7405825.833
22253,6225515.591
22257,9405954.41
22263,3686676.493
22270,7162668.844
22273,6254842.824
22277,5188038.22
22304,6495211.419
22305,4964614.004
22306,15297835.93
22307,4768420.79
22313,4094291.321
22314,5587306.924
22319,2396973.265
22332,9003431.595
22337,10996473.75
22361,6690438.453
22362,9058408.915
22367,6567961.777
22377,12749086.12
22395,9394801.025
22396,10557983.28
22403,4187433.49
22410,8427682.303
22413,4865077.211
22414,4678345.475
22417,4259051.218
22436,9631371.324
22438,4452242.883
22454,3402679.116
22465,8009616.357
22469,2356422.202
22472,2715078.644
22478,5248133.973
22487,6763654.66
22489,5907899.385
22499,6970161.574
22502,8284835.583
22503,8142743.789
22505,7561169.357
22521,7022409.274
22522,11638745.2
22523,5019210.315
22526,5270811.58
22533,9514407.293
22547,5576634.529
22551,6370298.058
22552,5698292.5
22555,4052156.347
22560,8542499.387
22568,6719097.475
22571,7185932.84
22581,6066275.016
22582,11407095.34
22591,5371695.467
22593,6578245.852
22597,11351578.63
22603,6512459.355
22613,4350955.655
22619,7094601.338
22634,8194544.704
22644,5908215.942
22655,3583588.646
22663,6042792.357
22664,6673146.959
22667,8047433.436
22673,3825802.809
22680,5167935.972
22682,5519441.155
22683,4520164.173
22685,4978945.371
22686,7929894.35
22687,6146151.918
22689,5760011.476
22693,4319791.343
22695,12288633.86
22699,10436453.95
22704,7670838.905
22706,9028694.812
22709,5230233.227
22714,4896700.353
22719,11878749.31
22724,6558219.782
22739,8416973.534
22742,10440173.19
22745,5616411.075
22746,9674516.21
22752,4880999.374
22754,6696134.121
22767,7186540.185
22777,7074161.362
22785,10257823.92
22792,9203061.199
22793,6267684.163
22796,7997543.966
22799,8771246.291
22803,10137687.54
22804,4712206.435
22807,6806524.358
22808,15743608.4
22811,4996927.187
22822,6189509.351
22841,7132893.403
22850,3499247.056
22858,9261606.368
22864,11727269.71
22869,5643238.943
22874,2688155.606
22891,7353464.669
22892,6528895.231
22895,5643526.996
22901,8322642.752
22911,7994951.572
22917,5082533.267
22925,6390089.227
22926,7711789.914
22932,11404861.76
22942,6172339.871
22951,12571320.52
22956,6950947.439
22966,5365282.236
22975,4878856.85
22983,4743220.047
22986,7710176.402
22999,6189483.766
23004,7204669.28
23013,6872618.976
23026,4453728.676
23030,9802926.954
23036,4151945.817
23043,9196191.751
23044,9480078.383
23049,5791250.636
23054,11028795.33
23059,10656426.17
23064,6404712.382
23066,4384453.247
23071,7319112.705
23077,11785126.07
23084,4812226.711
23096,6240653.171
23104,8974915.368
23107,7788850.199
23114,5605710.814
23122,6267830.35
23126,5520762.269
23131,3736481.22
23132,5208757.337
23134,3700159.217
23136,8981912.701
23141,5350969.123
23146,6458204.108
23147,5041345.876
23156,8983795.568
23161,3215167.889
23170,7358923.376
23182,5819309.969
23184,9827993.739
23187,7499982.059
23197,4348118.986
23204,4040753.719
23208,5584863.405
23210,4675812.231
23212,6790160.597
23215,17258149.48
23218,12117132.27
23223,5584590.388
23242,6653711.953
23251,7648843.018
23256,7195400.445
23266,4479752.582
23269,3812719.424
23270,5464870.308
23272,5183622.175
23280,8817687.25
23282,3054900.227
23296,11660022.32
23326,3123441.964
23333,3815969.287
23334,9308645.395
23335,6106525.338
23344,6705379.887
23345,7646864.845
23346,5660699.535
23347,5857201.281
23354,6484091.289
23357,5453290.5
23358,8307235.912
23360,4885125.242
23388,6723629.648
23389,9667371.568
23390,7206977.168
23391,10117219.35
23392,4414141.816
23394,8840937.576
23398,3151396.252
23407,9380698.236
23409,6606899.972
23411,8009965.916
23418,8421732.264
23437,4518878.244
23442,4699214.625
23448,6712411.332
23460,5918979.145
23462,4792939.178
23466,6414075.672
23471,5481360.608
23473,7656623.721
23488,9586285.41
23489,5362177.076
23490,4790469.731
23498,11641072.62
23508,5631546.5
23512,5471870.78
23517,6411355.521
23518,10000275.37
23524,4749879.022
23525,9191021.121
23536,9845110.246
23548,5657542.55
23567,5683316.611
23581,10343357.67
23582,7702901.52
23588,4720307.095
23589,7096603.789
23591,6073832.759
23595,6301187.874
23599,7652361.285
23603,6933324.116
23605,8946993.338
23616,9356531.959
23620,8222614.062
23623,5083634.64
23625,8502689.062
23627,8020687.195
23636,3737860.028
23644,6506854.773
23651,8848652.178
23654,9027692.953
23662,4223704.454
23667,8109173.297
23669,7884175.364
23676,6154175.709
23684,6770296.819
23687,6651630.187
23694,5810785.492
23695,4175365.503
23696,6029618.454
23700,6648884.338
23701,9312313.06
23733,7915381.967
23735,4635451.779
23737,6097307.88
23756,5616299.356
23767,7133711.368
23779,5527397.245
23784,6055915.923
23786,5971633.13
23788,13315018.66
23795,7161219.968
23797,5226164.525
23798,4972831.914
23799,6367436.851
23802,6695405.11
23819,4067274.423
23853,7260845.385
23870,3189718.865
23882,7426039.012
23885,4315105.879
23888,6142012.087
23891,4755460.929
23903,6244026.045
23912,5019546.875
23915,3697338.085
23931,7735242.486
23933,3538115.431
23937,8451156.341
23941,9333931.39
23946,6600603.634
23970,7517020.213
23973,5544837.764
23974,6556609.785
23989,4844056.412
23990,5420711.385
24000,10476683.91
24004,6763210.671
24006,7349759.497
24010,18645461.57
24012,5709530.025
24021,4179125.213
24023,16351587.78
24025,6908365.67
24027,5281850.665
24033,7512851.949
24034,5417815.583
24047,11571599.84
24049,7571850.877
24055,4263761.743
24059,6889234.012
24070,5565405.308
24074,5280615.312
24098,8686373.022
24103,7940409.868
24108,8275645.857
24110,9616613.185
24128,5851020.142
24129,6206633.813
24133,11275992.59
24134,5106230.591
24137,7375223.478
24149,6032561.43
24156,21258017.88
24160,5035317.714
24161,5862651.61
24169,3645849.677
24186,10913932.25
24192,9967698.394
24200,6749553.781
24202,4870814.34
24211,7655108.192
24216,8817010.135
24225,8778629.462
24228,5560077.375
24236,5655902.281
24250,6318905.082
24258,5712505.149
24260,9379387.587
24282,5651354.746
24285,6395762.894
24287,10634701.39
24295,5615551.623
24301,4283319.386
24302,9374807.865
24313,5681522.059
24318,5715439.996
24323,5179243.552
24333,5181049.046
24345,6877927.666
24346,3510663.469
24354,11992934.94
24363,6180022.881
24367,4600310.28
24370,7145586.745
24377,3767977.099
24380,8642330.103
24384,5666559.096
24387,4493716.928
24392,6784175.21
24398,4538952.879
24410,5743731.767
24412,7861981.453
24420,5271240.75
24423,23323458.51
24441,10334303.4
24442,4826223.728
24444,7213194.163
24447,5750569.024
24461,2566612.767
24462,5716867.033
24470,7599287.064
24473,4876940.569
24487,5897477.763
24493,4322126.032
24494,4340515.403
24496,4738096.381
24510,6501036.07
24523,2527363.273
24532,6445911.261
24533,5393149.936
24535,7910306.401
24540,2690597.252
24548,7417977.997
24552,4820237.919
24560,4192633.538
24563,7885828.52
24571,8824825.411
24573,9535461.148
24577,9312431.425
24590,4863522.413
24593,5122927.143
24595,8996633.567
24600,6546742.649
24601,7538003.539
24605,4194316.072
24607,5324155.384
24617,3291427.99
24622,8417030.733
24626,8076109.915
24629,7074823.245
24641,9210624.887
24647,14301628.33
24654,5741500.63
24659,4918709.344
24669,5600484.721
24670,4411887.698
24672,6731258.493
24675,15864909.4
24679,7613273.093
24705,6951576.512
24706,7634969.478
24714,3495906.871
24741,6072653.405
24754,7791608.531
24756,4574917.334
24762,5896953.076
24784,11592370.69
24790,7691310.922
24801,4816200.999
24806,11126544.25
24807,5418006.506
24809,6513265.494
24812,12227061.71
24818,4557309.451
24829,9770635.839
24834,9503303.147
24844,5362663.708
24845,3331386.911
24861,11208845.7
24863,6006866.994
24867,7528355.698
24870,7569895.706
24871,4238731.394
24872,6298494.198
24873,5870432.934
24875,7934112.167
24876,8423224.467
24887,5881653.865
24890,4340952.294
24904,5774230.356
24912,9048762.997
24919,6869586.835
24922,6265260.011
24923,4837038.01
24927,9723937.49
24961,5918289.058
24966,11054314.54
24967,13053787.53
24976,6711349.164
24977,5737472.876
24986,9868648.235
25002,7229444.776
25003,9019864.999
25005,8623731.226
25012,8077084.27
25015,6335484.164
25028,5038008.387
25029,14310894.72
25032,7247715.262
25036,4632350.205
25040,3435346.627
25046,7466648.106
25048,7924356.697
25065,6003124.384
25067,4296738.335
25074,5314101.86
25076,4712707.587
25078,6010907.325
25091,6729798.459
25105,3926634.904
25121,7535328.566
25124,3543393.289
25126,5587961.694
25128,11159097.07
25134,15347594.36
25137,5839363.76
25140,5523667.546
25160,6021379.476
25165,4452029.406
25170,3957249.768
25173,9903689.204
25174,5910153.553
25176,12338224.69
25177,9300435.239
25182,5145437.905
25190,11322477.57
25192,10534333.26
25204,3159382.751
25205,6485401.914
25213,5140182.877
25223,9112417.415
25226,12156912.18
25229,7991827.706
25231,5863647.898
25234,4452029.406
25239,2867321.197
25248,12652477.85
25256,5361822.729
25261,6839442.343
25265,5598657.588
25281,6731243.312
25288,3693156.961
25293,5209198.842
25294,5172776.312
25296,7800884.014
25301,5169727.977
25315,4800756.062
25323,5839886.855
25328,5211683.996
25341,7211560.158
25343,7085916.432
25356,6252799.518
25365,5266819.124
25377,6972681.21
25382,8515651.812
25386,6782201.022
25388,7180306.239
25390,5187715.641
25394,4899219.625
25401,6462103.431
25406,5443434.621
25417,8807048.612
25425,4990508.309
25430,5593553.818
25444,6345546.392
25446,13045122.88
25456,5768866.035
25460,6283998.168
25465,4685497.513
25468,6269486.095
25477,5584663.508
25478,5421115.073
25479,6384284.076
25486,5763376.363
25493,10833101.63
25499,6226950.517
25505,8310541.619
25507,8782594.02
25508,6030060.672
25511,7119886.066
25512,3772384.452
25517,10821721.93
25519,9332043.689
25521,5927226.283
25522,9055781.758
25523,4411887.698
25526,6381029.905
25534,4518351.564
25537,6117729.731
25539,11074514.66
25543,5354914.722
25551,7359741.958
25554,7066577.705
25556,10120853.96
25563,5864546.195
25575,6430046.388
25583,5503030.352
25586,9690099.045
25592,8530663.855
25600,5350082.842
25604,10803460.29
25610,4009193.639
25611,7907820.345
25630,4095578.017
25632,4343383.744
25635,4702510.144
25659,6900673.694
25671,3306846.816
25680,9067534.466
25687,5505425.085
25698,2951147.773
25721,7245600.525
25723,6285045.132
25727,7217713.943
25735,8204079.469
25738,7048856.724
25745,6207994.28
25747,8029066.449
25748,19821479.72
25751,7133138.883
25753,6226932.841
25755,7181793.948
25777,4740035.144
25783,10680868.3
25785,5978822.358
25788,8216519.894
25792,9840605.607
25796,5418913.738
25816,5548884.426
25817,9513554.472
25824,6011878.534
25826,11087062.27
25828,5209280.258
25830,3934901.19
25838,5717019.807
25843,12518758.87
25851,4381502.741
25854,6925372.893
25858,5506138.908
25863,5038028.807
25866,12075549.82
25872,3988485.052
25904,4973804.942
25917,6504421.608
25918,12346268.24
25920,8133178.409
25925,4844170.432
25928,4059763.553
25932,4393166.547
25937,6816679.65
25946,4315105.879
25962,2927069.183
25974,7395466.713
25975,7667844.246
25977,8486154.344
25984,7163576.829
25986,6409424.68
25988,7086381.873
26007,8489213.741
26008,4486635.217
26009,6277082.929
26011,4644438.391
26014,4743869.948
26019,4978366.65
26023,4722940.536
26035,9753787.192
26039,6817858.331
26046,8442784.365
26055,5309058.368
26057,3470360.333
26066,5637029.312
26072,4249508.368
26085,4893713.409
26087,5187493.158
26088,6358092.306
26092,5925384.969
26094,5402752.508
26097,12931857.31
26104,4639169.923
26110,5017421.694
26117,3189955.984
26121,7514787.233
26126,5618587.532
26135,6301386.635
26138,5042426.208
26146,6032680.785
26147,8732803.093
26151,7201252.108
26155,11115842.71
26159,3989676.327
26163,6209931.801
26168,5526931.813
26173,9179075.714
26187,9755922.434
26193,6620391.758
26194,5568516.297
26196,17839386.59
26200,5586544.239
26202,6438659.44
26204,4950318.638
26212,7499248.301
26218,6610716.932
26229,7048222.446
26238,6083485.123
26251,7670856.184
26268,10300251.16
26274,8990097.521
26275,11225943.67
26286,13651667.59
26295,6185699.288
26299,6615707.121
26300,6548666.132
26301,6140133.387
26306,4398797.884
26309,5285376.528
26315,3059987.189
26317,6362126.669
26321,4545932.882
26324,7931619.125
26328,3112483.478
26329,8299019.984
26332,4622186.495
26341,5206349.512
26354,6223313.641
26386,6208927.369
26392,6064737.264
26395,6067465.341
26397,7817652.12
26398,5872918.179
26404,4526092.454
26410,4446440.89
26414,5675202.132
26419,4933366.67
26421,5080985.326
26433,4982904.235
26439,8974640.482
26443,6520592.982
26446,4430852.724
26450,5309471.997
26458,5949364.665
26461,7255262.409
26472,8941080.711
26474,9165250.504
26477,9296366.873
26494,5811814.094
26500,6088710.97
26521,7003616.622
26525,9592201.823
26538,9502085.004
26542,5756845.666
26545,6508978.275
26553,6298827.844
26556,6366877.376
26568,13225468.07
26573,6295683.946
26575,7138874.014
26576,4721654.828
26588,8892039.868
26595,2970854.465
26600,9337626.25
26602,16528331.8
26611,3420781.87
26622,11699207.01
26623,6868200.103
26626,7443787.908
26628,8418800.856
26637,5343052.021
26642,10562076.25
26646,5128426.095
26653,7857590.656
26655,8594513.016
26661,13167042.29
26677,4457037.803
26679,6347264.266
26681,3909133.179
26688,7697771.744
26689,6855725.834
26692,6346070.306
26693,7755677.184
26694,5576982.495
26698,5073538.683
26701,6378917.144
26714,5201307.519
26718,4699238.797
26723,5548427.12
26726,6206947.346
26732,12802954.27
26751,11218491.93
26759,8592648.198
26766,12834996.92
26767,5845381.503
26769,6633478.73
26771,4224582.543
26774,5739149.304
26776,5305242.664
26780,9005515.349
26790,9066327.852
26794,9932962.769
26799,5512669.165
26803,8084761.465
26820,3488646.435
26825,5445688.817
26832,4730288.66
26841,6725754.449
26849,11696271.72
26855,6864897.685
26859,4845201.474
26874,6527479.342
26895,8672638.463
26899,7907532.764
26901,5280650.153
26905,5476098.175
26911,4250341.434
26913,5786867.459
26914,7165004.547
26919,7246301.358
26920,10508415.86
26921,4206778.369
26926,3130028.135
26930,6550062.956
26940,8644680.184
26949,6031182.863
26960,4379388.278
26961,7864688.538
26972,9595961.674
26975,6077693.155
26976,5827573.379
26980,4871307.783
26983,8461001.711
26987,8281152.295
26998,7061022.989
27000,12868249.21
27008,5734233.981
27012,5989729.279
27019,5936520.688
27028,9382197.43
27029,6235511.078
27030,3080291.85
27032,5884251.72
27039,5574581.004
27043,5063792.896
27052,10079186.44
27056,4711477.259
27058,6766957.041
27066,6246547.056
27068,8466839.137
27069,5555532.894
27077,10033534.81
27078,7171318.268
27086,6271142.887
27106,7311252.962
27107,5983422.766
27109,12273775.53
27112,4592441.718
27121,8793392.216
27125,10408083.91
27127,5654537.289
27132,6240088.368
27133,6477916.786
27138,5003472.589
27150,10199837.67
27152,5466052.12
27159,4261556.772
27168,8293697.799
27169,4908265.48
27172,6913154.015
27174,8932534.639
27176,3800126.968
27177,11350964.49
27180,4519901.531
27184,8565784.369
27188,9991150.64
27191,9535400.433
27204,8332430.326
27205,8222690.383
27220,11159421.61
27221,5844455.923
27232,9689504.8
27237,12101986.77
27246,7255285.154
27250,8467018.519
27254,4360492.864
27255,7199087.169
27257,6991237.107
27258,8082937.207
27264,5650921.278
27265,6640179.95
27267,7059088.074
27277,9785530.619
27279,5049477.062
27281,6293274.871
27290,11949713.41
27297,5240192.23
27306,6997243.367
27308,9231395.213
27316,7149203.443
27317,6013801.096
27325,5038008.387
27326,5609820.691
27334,6008931.6
27336,10471731.19
27346,5164121.322
27350,3404164.101
27356,12465976.19
27361,6167046.938
27363,5614431.059
27367,3986196.088
27387,12634678.29
27391,6380931.068
27395,5542799.282
27396,5467435.699
27397,6553581.938
27408,3173384.427
27417,4177191.042
27427,10467386.52
27439,4783989.314
27447,7073880.99
27449,10754231.68
27452,9293193.934
27458,10142543.26
27468,7446877.903
27480,8276111.324
27485,9681179.123
27493,3472043.962
27497,7422558.56
27505,13901910.69
27506,6998224.65
27508,5628935.47
27510,8390382.557
27512,5216017.386
27513,10445822.72
27514,5588158.416
27517,4578725.917
27522,6747239.264
27527,5593553.818
27535,5590853.368
27536,7251587.272
27545,5183142.682
27549,10161528.93
27550,3904624.185
27568,5471222.648
27569,7193167.985
27578,8340837.587
27583,9288689.933
27591,5689414.144
27594,7457186.688
27600,8217918.888
27604,11064106.49
27617,9256366.981
27619,5720876.942
27626,5438858.205
27631,5953729.727
27655,5854014.215
27677,4903139.574
27679,8908919.711
27683,6697774.24
27685,5690821.637
27691,5694742.834
27694,7113427.609
27704,16143390.06
27712,10041959.35
27736,4601220.019
27750,8430089.952
27765,9689579.776
27780,7281465.191
27786,8513867.011
27794,5775694.854
27796,259503366.2
27800,7971464.5
27807,5826490.173
27811,11563314.73
27826,7127672.576
27830,4562995.427
27832,6723121.966
27837,8684481.747
27841,6321907.015
27842,5324137.433
27844,6207213.681
27852,7566510.113
27858,5117579.412
27859,5091099.024
27862,8664730.667
27865,4369442.635
27866,5070978.663
27872,7943903.997
27877,6691789.326
27888,7359646.133
27894,12227453.1
27899,4688983.622
27905,8902979.599
27916,3330731.657
27925,9462097.649
27929,6070020.542
27934,11458972.55
27956,7017428.721
27959,8181149.154
27962,11851637.71
27963,7651143.518
27965,8764887.614
27966,4535448.436
27971,9592106.505
27974,7278469.915
27978,2385660.776
27980,5740892.026
27982,10383353.33
27987,7057194.837
28003,3095256.457
28004,8568400.726
28011,5672389.374
28015,5673481.032
28017,8986772.314
28028,9446784.521
28052,7795566.191
28054,7168629.934
28055,4675707.771
28057,11712355.08
28061,9138251.259
28064,7243242.489
28065,5874413.416
28078,10085260.04
28081,8347420.229
28086,5265941.846
28090,6616608.003
28098,11672079.49
28102,10323907.68
28119,10034926.01
28120,7700024.268
28126,9634266.269
28128,7404147.014
28130,7239622.785
28137,11494805.62
28142,6936828.772
28143,12672975.77
28151,6031822.971
28152,5179526.258
28155,8375815.017
28161,5631531.21
28162,3931361.032
28168,3246609.091
28182,5413803.092
28191,9814433.509
28239,9777209.51
28257,9489621.611
28259,9848758.531
28261,1660972.175
28269,10717327.38
28284,5652607.213
28285,6733992.589
28293,25274569.72
28297,4710230.219
28298,6292343.374
28312,10128783.42
28319,8963143.097
28321,5606550.666
28326,6555501.095
28340,7338468.13
28356,6258599.515
28361,4822235.586
28362,5703057.062
28366,9015940.523
28376,4413122.802
28394,20239547.77
28396,7982848.026
28397,3976705.413
28402,4898382.118
28409,5817068.306
28410,14043304.56
28421,8860704.102
28425,4833619.242
28426,9293503.934
28427,8267225.193
28428,5803689.932
28430,11404896.85
28437,15463749.85
28449,5069911.126
28452,5838216.41
28457,2728248.987
28459,3026026.485
28462,7549403.91
28469,5625475.643
28472,8311833.978
28487,9783202.028
28503,4503567.208
28519,5444985.967
28521,3359399.659
28528,8373736.222
28537,6163031.759
28538,5939557.777
28543,7671959.121
28562,8697911.426
28567,9766991.6
28579,13697887.27
28585,9074510.566
28595,3032357.091
28601,7238203.438
28605,11991397.53
28618,7210918.265
28620,10839566.47
28622,4582517.603
28647,6171814.866
28656,12721367.37
28657,6630475.32
28661,6380931.068
28675,5669123.975
28678,10836312.01
28696,3888768.183
28702,4458042.856
28705,5048919.956
28709,4772236.897
28713,5109113.797
28718,11411385.48
28724,4134738.503
28726,9068574.599
28729,4063892.272
28741,7996338.82
28743,5290368.856
28747,9397727.031
28753,5564607.738
28756,4591788.592
28760,6355183.624
28771,6234536.712
28773,4433585.988
28777,9144770.717
28794,4241823.203
28800,8978593.935
28814,7793551.257
28821,6519691.937
28826,9062371.096
28838,9024233.004
28850,11343688.85
28854,11217021.87
28859,7127903.045
28870,6377508.78
28894,6932169.23
28904,7637038.933
28907,5473229.661
28910,5513252.721
28912,6903714.238
28915,5497327.404
28923,6641523.237
28925,4564551.027
28928,6906603.772
28929,2334946.566
28930,5596696.376
28936,9131522.878
28938,6874704.607
28939,6202128.252
28947,4663133.799
28958,23036392.59
28963,7194155.522
28968,5353131.3
28969,4108052.65
28974,4311115.601
28980,15381188.69
28981,6240829.871
28986,7208786.426
28987,6305573.641
28991,4325351.58
28992,13375799.1
28997,4167162.495
29001,9906463.459
29003,6426745.185
29014,3711964.731
29016,8464500.83
29021,6385734.512
29032,6101877.479
29033,7627163.162
29034,8475091.201
29036,7429000.204
29047,5546597.914
29058,3556655.353
29060,6058323.108
29068,3108156.601
29072,8912252.951
29073,18378006.77
29078,10610758.59
29086,4466361.335
29092,6735271.243
29104,5652400.213
29114,3882582.497
29125,11364723.02
29128,4563571.154
29131,5726543.548
29132,7777999.748
29137,3933189.384
29139,701269.0684
29144,3754509.097
29159,5608148.828
29162,7663962.488
29170,8127849.471
29175,24396717.45
29178,7856036.129
29181,4243709.065
29183,7211956.024
29184,4163550.375
29188,10325778.6
29194,6201616.262
29210,6851065.154
29218,6887596.7
29222,7182480.212
29226,8186925.299
29230,9279790.719
29248,5404776.505
29257,8041433.696
29262,5514939.255
29266,7211194.757
29273,7453303.921
29281,14950552.63
29290,4776523.383
29301,5728164.047
29306,3691472.052
29307,8406326.381
29308,6049199.961
29311,7824436.356
29329,8638286.057
29337,4809517.226
29342,6159159.707
29343,8521329.432
29344,5679982.171
29361,4763101.256
29363,7525000.525
29365,8994557.801
29374,4422087.958
29376,6037252.468
29392,4236503.458
29393,5100952.342
29404,2635549.162
29406,9925748.324
29409,6431205.235
29417,8222575.107
29421,5230726.184
29432,7394596.56
29453,5284752.807
29462,9395328.523
29463,6778970.991
29465,4313577.454
29475,9229333.212
29476,6351973.531
29484,7206598.007
29495,6800947.966
29507,5261147.87
29528,6457283.017
29537,12334832.6
29547,5909269.214
29552,7610116.156
29563,18190132.3
29569,7529304.945
29572,5461817.508
29582,5425199.695
29596,5816755.908
29599,5079956.682
29601,8300743.651
29618,8682261.861
29626,7846837.613
29629,3167036.163
29653,6061773.495
29660,8091909.515
29661,4722757.43
29673,6779397.972
29675,5726457.956
29676,3847676.148
29677,5723669.95
29682,5619296.917
29684,3456846.243
29686,3920525.29
29689,14293022.29
29690,4377403.522
29698,8066933.35
29699,7520699.983
29701,8290409.836
29704,5772839.289
29707,6901031.635
29711,6822492.676
29712,10904425.55
29714,6452133.628
29724,4461775.904
29739,7075519.815
29741,8536848.636
29742,8157414.328
29746,6555619.412
29751,7664569.371
29752,6608069.267
29756,4251767.043
29765,5484634.88
29780,5816768.452
29783,14843883.63
29784,4487964.076
29791,4788539.08
29803,4306927.861
29811,4276406.249
29812,6042235.905
29815,7609190.906
29830,7189246.753
29860,6723439.311
29861,2327395.862
29870,6430454.561
29878,5479090.069
29883,7433360.316
29884,10763207.48
29885,8805302.564
29888,5070769.002
29894,7846073.35
29912,2953433.119
29925,15514229.75
29928,4478384.053
29942,10513260.47
29949,8069220.401
29952,5520421.107
29955,7516751.779
29959,2411888.191
29973,4208945.634
29983,14217894.66
29984,2688202.666
29986,6964305.186
29988,5121712.647
30001,6761360.887
30007,9932429.565
30013,5462507.149
30018,8711655.781
30034,12923667.03
30044,7323503.718
30045,4836659.596
30052,9981747.894
30055,7620611.354
30056,4300806.038
30069,5073083.361
30073,6945654.07
30077,5748866.8
30081,9966029.969
30084,7001556.886
30086,4414254.635
30102,4532354.731
30117,7801460.862
30118,5349565.284
30147,6395829.437
30150,9557068.572
30164,13061386.31
30168,9100891.587
30170,4839472.405
30171,2229138.559
30173,4933818.11
30174,6259659.186
30179,9024932.442
30187,6485025.23
30192,5091387.733
30203,7199394.071
30205,10429673.53
30211,5255680.854
30214,6728470
30215,5672719.27
30216,14715096.65
30219,10883462.16
30225,5226796.671
30240,5087360.454
30242,11503312.42
30260,7667236.154
30269,4513236.904
30273,10159211.78
30278,3036264.305
30286,8630386.768
30287,6257637.306
30288,5576495.889
30290,7815049.633
30295,8085870.375
30298,6232378.55
30300,7419437.147
30313,7071497.286
30314,10394652.69
30317,9398198.092
30318,6825558.634
30320,5658421.047
30324,6686885.768
30325,5960407.404
30327,4142545.872
30338,6708465.907
30339,6689717.571
30350,6693572.962
30362,11458279.34
30364,12038328.68
30370,4932190.638
30371,7535678.575
30378,4661995.46
30385,7373059.626
30392,4723887.075
30395,6114404.663
30400,15964001.83
30407,6253519.971
30413,6833532.417
30425,9417547.419
30428,6555619.412
30429,6865943.773
30439,5031927.278
30443,12609813.42
30449,7797354.75
30450,6653278.88
30453,6938798.011
30457,5985375.158
30459,8205276.619
30460,7606400.872
30462,5511566.246
30469,6023950.1
